Series Name,Series Code,Country Name,Country Code,2021 [YR2021],2020 [YR2020],2019 [YR2019],2018 [YR2018],2017 [YR2017],2016 [YR2016],2015 [YR2015],2014 [YR2014],2013 [YR2013],2012 [YR2012],2011 [YR2011],2010 [YR2010],2009 [YR2009],2008 [YR2008],2007 [YR2007],2006 [YR2006],2005 [YR2005],2004 [YR2004],2003 [YR2003],2002 [YR2002],2001 [YR2001],2000 [YR2000],1999 [YR1999],1998 [YR1998],1997 [YR1997]
Prevalence of undernourishment (% of population),SN.ITK.DEFC.ZS,Afghanistan,AFG,..,..,25.6,23.4,23,22.2,21.5,24.2,26.3,28.2,24.7,23.7,24.4,26.5,29.8,33.3,36.1,38,40.6,45.6,47.8,..,..,..,..
Prevalence of undernourishment (% of population),SN.ITK.DEFC.ZS,Albania,ALB,..,..,3.9,4,4.1,4.3,4.7,4.4,3.9,3.5,4.1,4.9,5.9,7.3,8.3,8.8,8.9,8.6,7.5,6.1,4.9,..,..,..,..
Prevalence of undernourishment (% of population),SN.ITK.DEFC.ZS,Algeria,DZA,..,..,2.5,2.5,2.7,2.8,2.8,2.9,3.1,3.3,4,4.6,5.3,5.6,5.9,6.4,6.7,7,7,7.3,8,..,..,..,..
Prevalence of undernourishment (% of population),SN.ITK.DEFC.ZS,American Samoa,ASM,..,..,..,..,..,..,..,..,..,..,..,..,..,..,..,..,..,..,..,..,..,..,..,..,..
Prevalence of undernourishment (% of population),SN.ITK.DEFC.ZS,Andorra,AND,..,..,..,..,..,..,..,..,..,..,..,..,..,..,..,..,..,..,..,..,..,..,..,..,..
Prevalence of undernourishment (% of population),SN.ITK.DEFC.ZS,Angola,AGO,..,..,17.3,15.5,15.4,15.4,14.5,14.2,15,16.3,17.2,24.4,33.2,42.9,46.1,49.3,52.2,55.1,58.7,63.2,67.5,..,..,..,..
Prevalence of undernourishment (% of population),SN.ITK.DEFC.ZS,Antigua and Barbuda,ATG,..,..,..,..,..,..,..,..,..,..,..,..,..,..,..,..,..,..,..,..,..,..,..,..,..
Prevalence of undernourishment (% of population),SN.ITK.DEFC.ZS,Argentina,ARG,..,..,3.9,3.5,3.1,2.6,2.5,2.5,2.8,3.1,3.3,3.4,3.3,3.3,3.3,3.4,3.7,4,4.5,3.8,3,..,..,..,..
Prevalence of undernourishment (% of population),SN.ITK.DEFC.ZS,Armenia,ARM,..,..,3.4,3.2,3.1,2.8,2.8,2.9,3.3,3.6,4,4.3,4.6,5.6,6.9,9.3,12.3,16,21.1,24.5,26.1,..,..,..,..
Prevalence of undernourishment (% of population),SN.ITK.DEFC.ZS,Aruba,ABW,..,..,..,..,..,..,..,..,..,..,..,..,..,..,..,..,..,..,..,..,..,..,..,..,..
Prevalence of undernourishment (% of population),SN.ITK.DEFC.ZS,Australia,AUS,..,..,2.5,2.5,2.5,2.5,2.5,2.5,2.5,2.5,2.5,2.5,2.5,2.5,2.5,2.5,2.5,2.5,2.5,2.5,2.5,..,..,..,..
Prevalence of undernourishment (% of population),SN.ITK.DEFC.ZS,Austria,AUT,..,..,2.5,2.5,2.5,2.5,2.5,2.5,2.5,2.5,2.5,2.5,2.5,2.5,2.5,2.5,2.5,2.5,2.5,2.5,2.5,..,..,..,..
Prevalence of undernourishment (% of population),SN.ITK.DEFC.ZS,Azerbaijan,AZE,..,..,2.5,2.5,2.5,2.5,2.5,2.5,2.5,2.5,2.5,2.5,2.5,2.5,2.5,2.8,4.8,7.4,10.4,13.4,17,..,..,..,..
Prevalence of undernourishment (% of population),SN.ITK.DEFC.ZS,"Bahamas, The",BHS,..,..,..,..,..,..,..,..,..,..,..,..,..,..,..,..,..,..,..,..,..,..,..,..,..
Prevalence of undernourishment (% of population),SN.ITK.DEFC.ZS,Bahrain,BHR,..,..,..,..,..,..,..,..,..,..,..,..,..,..,..,..,..,..,..,..,..,..,..,..,..
Prevalence of undernourishment (% of population),SN.ITK.DEFC.ZS,Bangladesh,BGD,..,..,9.7,10.8,12.5,13.3,14,14.2,15.1,15.5,15.7,15.2,14.7,13.6,13.9,13.8,14.2,14.4,14.9,15.1,15.9,..,..,..,..
Prevalence of undernourishment (% of population),SN.ITK.DEFC.ZS,Barbados,BRB,..,..,4.1,4.2,4.3,4.3,4.3,4.2,4.4,4.5,4.7,4.8,4.8,4.9,5.3,5.3,6.1,6.2,6.7,6.2,6.4,..,..,..,..
Prevalence of undernourishment (% of population),SN.ITK.DEFC.ZS,Belarus,BLR,..,..,2.5,2.5,2.5,2.5,2.5,2.5,2.5,2.5,2.5,2.5,2.5,2.5,2.5,2.5,2.5,3.3,3.3,2.7,2.5,..,..,..,..
Prevalence of undernourishment (% of population),SN.ITK.DEFC.ZS,Belgium,BEL,..,..,2.5,2.5,2.5,2.5,2.5,2.5,2.5,2.5,2.5,2.5,2.5,2.5,2.5,2.5,2.5,2.5,2.5,2.5,2.5,..,..,..,..
Prevalence of undernourishment (% of population),SN.ITK.DEFC.ZS,Belize,BLZ,..,..,5.9,6.2,6.7,7.2,7.7,7.8,8.1,7.8,7.1,6.8,6.9,7.1,6.6,5.8,5.7,5.5,5.5,5.4,5.8,..,..,..,..
Prevalence of undernourishment (% of population),SN.ITK.DEFC.ZS,Benin,BEN,..,..,7.6,7.3,7.2,7.3,7.3,7.5,7.6,7.9,8.3,8.5,9.1,9,10.1,11,12,13.2,13.7,15.5,17.2,..,..,..,..
Prevalence of undernourishment (% of population),SN.ITK.DEFC.ZS,Bermuda,BMU,..,..,..,..,..,..,..,..,..,..,..,..,..,..,..,..,..,..,..,..,..,..,..,..,..
Prevalence of undernourishment (% of population),SN.ITK.DEFC.ZS,Bhutan,BTN,..,..,..,..,..,..,..,..,..,..,..,..,..,..,..,..,..,..,..,..,..,..,..,..,..
Prevalence of undernourishment (% of population),SN.ITK.DEFC.ZS,Bolivia,BOL,..,..,12.6,12.6,12.5,13.1,14.3,15.5,16.4,16.5,17.2,20.3,22.9,24.7,23.9,24.6,26.8,27.7,27.7,26.9,27.9,..,..,..,..
Prevalence of undernourishment (% of population),SN.ITK.DEFC.ZS,Bosnia and Herzegovina,BIH,..,..,2.5,2.5,2.5,2.5,2.5,2.5,2.5,2.5,2.5,2.5,2.5,2.5,2.5,2.5,2.5,2.5,2.6,3,3.2,..,..,..,..
Prevalence of undernourishment (% of population),SN.ITK.DEFC.ZS,Botswana,BWA,..,..,29.3,29.5,28.9,27.7,26.4,27.3,28,29.7,30.2,31.5,31.6,30.9,29.8,27.5,25.2,24.2,24.5,24.1,23.7,..,..,..,..
Prevalence of undernourishment (% of population),SN.ITK.DEFC.ZS,Brazil,BRA,..,..,2.5,2.5,2.5,2.5,2.5,2.6,2.8,3.1,3.4,3.9,4.4,5.1,5.6,6.2,6.5,6.8,7.9,9.3,10.7,..,..,..,..
Prevalence of undernourishment (% of population),SN.ITK.DEFC.ZS,British Virgin Islands,VGB,..,..,..,..,..,..,..,..,..,..,..,..,..,..,..,..,..,..,..,..,..,..,..,..,..
Prevalence of undernourishment (% of population),SN.ITK.DEFC.ZS,Brunei Darussalam,BRN,..,..,2.5,2.5,2.5,2.5,2.5,2.5,2.5,2.5,2.5,2.5,2.5,2.5,2.5,2.5,2.5,2.5,2.5,2.5,2.6,..,..,..,..
Prevalence of undernourishment (% of population),SN.ITK.DEFC.ZS,Bulgaria,BGR,..,..,3,2.8,3.1,3.6,3.4,3.4,3.4,4,4.3,4.3,4.3,4.5,4.6,5.1,4.9,4.9,4.5,4.2,4,..,..,..,..
Prevalence of undernourishment (% of population),SN.ITK.DEFC.ZS,Burkina Faso,BFA,..,..,14.4,12.7,12.4,12.3,12,12,12.2,12.7,13.1,13.7,14.3,15.4,16,17.1,17.5,18.1,18.6,20.5,22.6,..,..,..,..
Prevalence of undernourishment (% of population),SN.ITK.DEFC.ZS,Burundi,BDI,..,..,..,..,..,..,..,..,..,..,..,..,..,..,..,..,..,..,..,..,..,..,..,..,..
Prevalence of undernourishment (% of population),SN.ITK.DEFC.ZS,Cabo Verde,CPV,..,..,15.4,16.2,16.7,17,16.8,16.4,16,16,16.3,15.8,15,13.1,12.3,11.4,11,11.3,13.1,14.4,14.5,..,..,..,..
Prevalence of undernourishment (% of population),SN.ITK.DEFC.ZS,Cambodia,KHM,..,..,6.2,6.8,7.7,8.5,8.9,9.6,10.8,12,12.7,13.3,13.9,14.5,14.8,15.6,17,18.5,19.4,21.2,23.6,..,..,..,..
Prevalence of undernourishment (% of population),SN.ITK.DEFC.ZS,Cameroon,CMR,..,..,5.3,5.6,5.6,5.5,5.4,5.5,5.6,5.8,6.2,7.6,9.1,11.2,12.6,14.1,15.9,17.6,19.3,20.7,22.9,..,..,..,..
Prevalence of undernourishment (% of population),SN.ITK.DEFC.ZS,Canada,CAN,..,..,2.5,2.5,2.5,2.5,2.5,2.5,2.5,2.5,2.5,2.5,2.5,2.5,2.5,2.5,2.5,2.5,2.5,2.5,2.5,..,..,..,..
Prevalence of undernourishment (% of population),SN.ITK.DEFC.ZS,Cayman Islands,CYM,..,..,..,..,..,..,..,..,..,..,..,..,..,..,..,..,..,..,..,..,..,..,..,..,..
Prevalence of undernourishment (% of population),SN.ITK.DEFC.ZS,Central African Republic,CAF,..,..,48.2,46.7,46.1,48.6,49.9,48.3,40.3,32.8,28.1,29.1,31,33.3,35.7,37.7,39.6,40.5,40.6,40.1,39.2,..,..,..,..
Prevalence of undernourishment (% of population),SN.ITK.DEFC.ZS,Chad,TCD,..,..,31.7,30.4,29.1,28.5,28,29.9,31.3,33.6,33.6,36.3,38.4,40.1,39.2,38.4,37.8,37.1,38,37.6,38.8,..,..,..,..
Prevalence of undernourishment (% of population),SN.ITK.DEFC.ZS,Channel Islands,CHI,..,..,..,..,..,..,..,..,..,..,..,..,..,..,..,..,..,..,..,..,..,..,..,..,..
Prevalence of undernourishment (% of population),SN.ITK.DEFC.ZS,Chile,CHL,..,..,3.4,3,3,3.1,3,3.1,3.1,3.2,3.4,3.6,3.6,3.4,3.1,3.1,3.1,3.2,3.2,3.2,3.4,..,..,..,..
Prevalence of undernourishment (% of population),SN.ITK.DEFC.ZS,China,CHN,..,..,2.5,2.5,2.5,2.5,2.5,2.5,2.5,2.5,2.5,2.5,2.8,4,5,6.1,7.1,8,8.8,9.5,10.1,..,..,..,..
Prevalence of undernourishment (% of population),SN.ITK.DEFC.ZS,Colombia,COL,..,..,8.8,7.9,7.1,6.8,6.5,7.1,8.1,10.1,12.1,13.1,12.2,11.3,11,11.4,11.2,10.6,9.8,9.1,8.7,..,..,..,..
Prevalence of undernourishment (% of population),SN.ITK.DEFC.ZS,Comoros,COM,..,..,..,..,..,..,..,..,..,..,..,..,..,..,..,..,..,..,..,..,..,..,..,..,..
Prevalence of undernourishment (% of population),SN.ITK.DEFC.ZS,"Congo, Dem. Rep.",COD,..,..,41.7,40.4,40.2,39.9,40.1,40.7,41.5,41.5,40,38.8,38.7,38.7,38.6,38.5,38.4,38.3,38.2,38.2,38.2,..,..,..,..
Prevalence of undernourishment (% of population),SN.ITK.DEFC.ZS,"Congo, Rep.",COG,..,..,37.7,36.8,36,34.6,34.1,31.1,30.9,33,36,36.5,35.5,35.5,35.4,36.6,34,31.7,26.4,26.4,27,..,..,..,..
Prevalence of undernourishment (% of population),SN.ITK.DEFC.ZS,Costa Rica,CRI,..,..,3.1,3,3.1,3.6,4.1,4.3,4.1,3.8,3.8,3.8,4,3.9,3.8,3.9,4.4,5,5.2,5,4.7,..,..,..,..
Prevalence of undernourishment (% of population),SN.ITK.DEFC.ZS,Cote d'Ivoire,CIV,..,..,14.9,14.9,15,15.5,16.5,18.6,20.4,21.9,21.7,22.3,22.3,22.1,21.1,20.2,20.2,20.6,21.2,21.3,20.4,..,..,..,..
Prevalence of undernourishment (% of population),SN.ITK.DEFC.ZS,Croatia,HRV,..,..,2.5,2.5,2.5,2.5,2.5,2.5,2.5,2.5,2.5,2.5,2.5,2.5,2.5,2.5,2.5,3.1,3.7,4.6,6.8,..,..,..,..
Prevalence of undernourishment (% of population),SN.ITK.DEFC.ZS,Cuba,CUB,..,..,2.5,2.5,2.5,2.5,2.5,2.5,2.5,2.5,2.5,2.5,2.5,2.5,2.5,2.5,2.5,2.5,2.5,2.5,2.5,..,..,..,..
Prevalence of undernourishment (% of population),SN.ITK.DEFC.ZS,Curacao,CUW,..,..,..,..,..,..,..,..,..,..,..,..,..,..,..,..,..,..,..,..,..,..,..,..,..
Prevalence of undernourishment (% of population),SN.ITK.DEFC.ZS,Cyprus,CYP,..,..,2.5,2.5,2.5,2.5,2.5,2.8,4.7,6.2,6.1,6.2,6.3,6.4,6.9,7.5,7.6,6.9,6.1,5.7,5.1,..,..,..,..
Prevalence of undernourishment (% of population),SN.ITK.DEFC.ZS,Czech Republic,CZE,..,..,2.5,2.5,2.5,2.5,2.5,2.5,2.5,2.5,2.5,2.5,2.5,2.5,2.5,2.5,2.5,2.5,2.5,2.5,2.5,..,..,..,..
Prevalence of undernourishment (% of population),SN.ITK.DEFC.ZS,Denmark,DNK,..,..,2.5,2.5,2.5,2.5,2.5,2.5,2.5,2.5,2.5,2.5,2.5,2.5,2.5,2.5,2.5,2.5,2.5,2.5,2.5,..,..,..,..
Prevalence of undernourishment (% of population),SN.ITK.DEFC.ZS,Djibouti,DJI,..,..,16.2,16,16.4,16.7,17.5,18.1,19.7,20.8,22.2,22.9,23.2,23.4,25.1,27.3,31.3,34.7,38.2,40.8,42,..,..,..,..
Prevalence of undernourishment (% of population),SN.ITK.DEFC.ZS,Dominica,DMA,..,..,5.6,5.5,5.3,5,5.1,5.1,5.2,5.1,4.9,4.7,4.4,4.1,4.6,5,5.4,5,4.7,4.1,3.7,..,..,..,..
Prevalence of undernourishment (% of population),SN.ITK.DEFC.ZS,Dominican Republic,DOM,..,..,8.3,6.7,6.4,6.8,7.4,8.3,8.9,9.7,10.3,12.3,14.6,16,16.2,16.4,19.2,23,23.6,22.6,20.4,..,..,..,..
Prevalence of undernourishment (% of population),SN.ITK.DEFC.ZS,Ecuador,ECU,..,..,12.4,11.2,10.7,9.7,9,8.9,9,9.1,8.5,12.3,16,21.3,22.1,22.8,22.4,22.7,22.7,22.7,21,..,..,..,..
Prevalence of undernourishment (% of population),SN.ITK.DEFC.ZS,"Egypt, Arab Rep.",EGY,..,..,5.4,5.1,4.9,4.6,4.4,4.6,4.9,5.2,5.1,5.4,5.5,5.6,5.7,6,6.4,6.4,6,5.4,5.2,..,..,..,..
Prevalence of undernourishment (% of population),SN.ITK.DEFC.ZS,El Salvador,SLV,..,..,8.5,8.6,9.1,9.9,10.6,10.6,10.5,10.5,11.1,10.9,10.5,9.9,9.7,9.4,9.1,8.7,7.9,7.1,7.2,..,..,..,..
Prevalence of undernourishment (% of population),SN.ITK.DEFC.ZS,Equatorial Guinea,GNQ,..,..,..,..,..,..,..,..,..,..,..,..,..,..,..,..,..,..,..,..,..,..,..,..,..
Prevalence of undernourishment (% of population),SN.ITK.DEFC.ZS,Eritrea,ERI,..,..,..,..,..,..,..,..,..,..,..,..,..,..,..,..,..,..,..,..,..,..,..,..,..
Prevalence of undernourishment (% of population),SN.ITK.DEFC.ZS,Estonia,EST,..,..,2.5,2.5,2.5,2.5,2.5,2.5,2.5,2.5,2.5,2.5,2.5,2.5,2.5,2.5,2.5,2.9,3.3,3.5,3.6,..,..,..,..
Prevalence of undernourishment (% of population),SN.ITK.DEFC.ZS,Eswatini,SWZ,..,..,11.6,11.9,12.4,13,12.8,13.4,14.9,18,20.7,18.5,15.2,10.9,10.7,10.2,9.2,8.4,8.3,9.7,10.5,..,..,..,..
Prevalence of undernourishment (% of population),SN.ITK.DEFC.ZS,Ethiopia,ETH,..,..,16.2,14.4,14,13.8,14.8,17.8,21.8,25.3,26,27.6,29.7,33.5,35,35.6,37.1,39,42.6,44.2,47,..,..,..,..
Prevalence of undernourishment (% of population),SN.ITK.DEFC.ZS,Faroe Islands,FRO,..,..,..,..,..,..,..,..,..,..,..,..,..,..,..,..,..,..,..,..,..,..,..,..,..
Prevalence of undernourishment (% of population),SN.ITK.DEFC.ZS,Fiji,FJI,..,..,5.6,5.8,6.3,6.3,6.4,5.2,4.4,3.4,3.8,4,3.9,3.9,3.7,3.7,3.7,3.8,3.9,3.8,4,..,..,..,..
Prevalence of undernourishment (% of population),SN.ITK.DEFC.ZS,Finland,FIN,..,..,2.5,2.5,2.5,2.5,2.5,2.5,2.5,2.5,2.5,2.5,2.5,2.5,2.5,2.5,2.5,2.5,2.5,2.5,2.5,..,..,..,..
Prevalence of undernourishment (% of population),SN.ITK.DEFC.ZS,France,FRA,..,..,2.5,2.5,2.5,2.5,2.5,2.5,2.5,2.5,2.5,2.5,2.5,2.5,2.5,2.5,2.5,2.5,2.5,2.5,2.5,..,..,..,..
Prevalence of undernourishment (% of population),SN.ITK.DEFC.ZS,French Polynesia,PYF,..,..,3.8,3.9,4,3.8,3.6,3.3,3.2,3.1,3.2,3.5,3.6,3.7,3.8,3.8,3.8,3.9,3.9,4.1,4.2,..,..,..,..
Prevalence of undernourishment (% of population),SN.ITK.DEFC.ZS,Gabon,GAB,..,..,15.7,16.2,16,15,13.9,14.7,16.1,17.3,17.2,17.2,17.4,16.8,15.9,14.8,14.3,13.9,13.3,12.1,10.7,..,..,..,..
Prevalence of undernourishment (% of population),SN.ITK.DEFC.ZS,"Gambia, The",GMB,..,..,13.6,12.4,11.9,11.7,11.3,11.9,12.4,13,12.7,13.1,14.2,15.8,18.7,20.7,21.7,20.7,20.5,19.6,17.8,..,..,..,..
Prevalence of undernourishment (% of population),SN.ITK.DEFC.ZS,Georgia,GEO,..,..,8.7,8.1,8.3,8.3,8.1,6.6,5.4,4.3,4.6,4.2,3.7,3.6,4,4,4.1,4.1,4.8,5.9,7.7,..,..,..,..
Prevalence of undernourishment (% of population),SN.ITK.DEFC.ZS,Germany,DEU,..,..,2.5,2.5,2.5,2.5,2.5,2.5,2.5,2.5,2.5,2.5,2.5,2.5,2.5,2.5,2.5,2.5,2.5,2.5,2.5,..,..,..,..
Prevalence of undernourishment (% of population),SN.ITK.DEFC.ZS,Ghana,GHA,..,..,6.1,6.4,7.1,7.6,7.7,7.4,7.1,7.2,6.7,6.6,6.7,8.2,9.4,10.6,11.2,12.2,12.6,13.5,14.9,..,..,..,..
Prevalence of undernourishment (% of population),SN.ITK.DEFC.ZS,Gibraltar,GIB,..,..,..,..,..,..,..,..,..,..,..,..,..,..,..,..,..,..,..,..,..,..,..,..,..
Prevalence of undernourishment (% of population),SN.ITK.DEFC.ZS,Greece,GRC,..,..,2.5,2.5,2.5,2.5,2.5,2.5,2.5,2.5,2.5,2.5,2.5,2.5,2.5,2.5,2.5,2.5,2.5,2.5,2.5,..,..,..,..
Prevalence of undernourishment (% of population),SN.ITK.DEFC.ZS,Greenland,GRL,..,..,..,..,..,..,..,..,..,..,..,..,..,..,..,..,..,..,..,..,..,..,..,..,..
Prevalence of undernourishment (% of population),SN.ITK.DEFC.ZS,Grenada,GRD,..,..,..,..,..,..,..,..,..,..,..,..,..,..,..,..,..,..,..,..,..,..,..,..,..
Prevalence of undernourishment (% of population),SN.ITK.DEFC.ZS,Guam,GUM,..,..,..,..,..,..,..,..,..,..,..,..,..,..,..,..,..,..,..,..,..,..,..,..,..
Prevalence of undernourishment (% of population),SN.ITK.DEFC.ZS,Guatemala,GTM,..,..,16.8,16,16.3,16.4,17.3,17.7,17.6,17,16.5,16.5,17.7,17.9,18.2,17.8,18.9,19.1,18.9,19.9,22.2,..,..,..,..
Prevalence of undernourishment (% of population),SN.ITK.DEFC.ZS,Guinea,GIN,..,..,..,..,..,..,..,..,..,..,..,..,..,..,..,..,..,..,..,..,..,..,..,..,..
Prevalence of undernourishment (% of population),SN.ITK.DEFC.ZS,Guinea-Bissau,GNB,..,..,..,..,..,..,..,..,..,..,..,..,..,..,..,..,..,..,..,..,..,..,..,..,..
Prevalence of undernourishment (% of population),SN.ITK.DEFC.ZS,Guyana,GUY,..,..,5.2,5.5,6,6.3,6.7,6.1,5.9,5.9,6.6,7.3,7.7,7.6,7.5,7.1,7.1,6.9,6.8,6.5,6.5,..,..,..,..
Prevalence of undernourishment (% of population),SN.ITK.DEFC.ZS,Haiti,HTI,..,..,46.8,47.9,48,46.7,46.1,46.4,47.1,47.7,46.8,47.5,48.9,51.4,52.7,54.2,55,55.7,55.1,54.7,53.2,..,..,..,..
Prevalence of undernourishment (% of population),SN.ITK.DEFC.ZS,Honduras,HND,..,..,13.5,13.1,13.2,13.8,14.5,14.6,14.1,13.4,13.5,15.9,18.3,20.8,21,21.8,22.3,22.2,21.7,21.2,21.9,..,..,..,..
Prevalence of undernourishment (% of population),SN.ITK.DEFC.ZS,"Hong Kong SAR, China",HKG,..,..,2.5,2.5,2.5,2.5,2.5,2.5,2.5,2.5,2.5,2.5,2.5,2.5,2.5,2.5,2.5,2.5,2.5,2.5,2.5,..,..,..,..
Prevalence of undernourishment (% of population),SN.ITK.DEFC.ZS,Hungary,HUN,..,..,2.5,2.5,2.5,2.5,2.5,2.5,2.5,2.5,2.5,2.5,2.5,2.5,2.5,2.5,2.5,2.5,2.5,2.5,2.5,..,..,..,..
Prevalence of undernourishment (% of population),SN.ITK.DEFC.ZS,Iceland,ISL,..,..,2.5,2.5,2.5,2.5,2.5,2.5,2.5,2.5,2.5,2.5,2.5,2.5,2.5,2.5,2.5,2.5,2.5,2.5,2.5,..,..,..,..
Prevalence of undernourishment (% of population),SN.ITK.DEFC.ZS,India,IND,..,..,15.3,14,13.8,14.2,14.7,14.9,15.1,15,15.6,16,16.3,16.6,17.5,19.6,21.6,22.1,21.5,20.1,18.4,..,..,..,..
Prevalence of undernourishment (% of population),SN.ITK.DEFC.ZS,Indonesia,IDN,..,..,6.5,6.4,6.4,6.8,7,7.7,8.3,9.4,10.7,13,15.5,17.4,18.5,19,19.2,19.1,18.9,19.1,19.2,..,..,..,..
Prevalence of undernourishment (% of population),SN.ITK.DEFC.ZS,"Iran, Islamic Rep.",IRN,..,..,5.5,5.4,5.2,4.9,4.7,4.9,5.3,6.2,6.3,6,5.5,5.4,5.7,5.5,5.2,4.9,5,5,4.8,..,..,..,..
Prevalence of undernourishment (% of population),SN.ITK.DEFC.ZS,Iraq,IRQ,..,..,37.5,37.4,37.9,38.4,37.8,36.8,36.7,37.1,36.7,31.6,27.9,24.9,25.7,25.1,23.8,23.8,23.1,22.7,22.4,..,..,..,..
Prevalence of undernourishment (% of population),SN.ITK.DEFC.ZS,Ireland,IRL,..,..,2.5,2.5,2.5,2.5,2.5,2.5,2.5,2.5,2.5,2.5,2.5,2.5,2.5,2.5,2.5,2.5,2.5,2.5,2.5,..,..,..,..
Prevalence of undernourishment (% of population),SN.ITK.DEFC.ZS,Isle of Man,IMN,..,..,..,..,..,..,..,..,..,..,..,..,..,..,..,..,..,..,..,..,..,..,..,..,..
Prevalence of undernourishment (% of population),SN.ITK.DEFC.ZS,Israel,ISR,..,..,2.5,2.5,2.5,2.5,2.5,2.5,2.5,2.5,2.5,2.5,2.5,2.5,2.5,2.5,2.5,2.5,2.5,2.5,2.5,..,..,..,..
Prevalence of undernourishment (% of population),SN.ITK.DEFC.ZS,Italy,ITA,..,..,2.5,2.5,2.5,2.5,2.5,2.5,2.5,2.5,2.5,2.5,2.5,2.5,2.5,2.5,2.5,2.5,2.5,2.5,2.5,..,..,..,..
Prevalence of undernourishment (% of population),SN.ITK.DEFC.ZS,Jamaica,JAM,..,..,7.7,7.7,8.8,9.3,9.6,9.7,10.1,10.1,9.8,9.6,9.5,9,8.3,7.7,7.4,7.1,7,6.9,7.4,..,..,..,..
Prevalence of undernourishment (% of population),SN.ITK.DEFC.ZS,Japan,JPN,..,..,2.5,2.5,2.5,2.5,2.5,2.5,2.5,2.5,2.5,2.7,2.6,2.5,2.5,2.5,2.5,2.5,2.5,2.5,2.5,..,..,..,..
Prevalence of undernourishment (% of population),SN.ITK.DEFC.ZS,Jordan,JOR,..,..,9.5,8.2,7.7,7.1,6.3,7.2,7.9,8.5,7.5,7.1,6.9,6.5,6.1,5.7,5.5,5.7,6.3,7.7,9.7,..,..,..,..
Prevalence of undernourishment (% of population),SN.ITK.DEFC.ZS,Kazakhstan,KAZ,..,..,2.5,2.5,2.6,2.5,2.5,2.5,2.6,2.8,3.2,3.5,3.9,4.3,5.1,6.3,7.3,7.5,7.1,6.6,6.5,..,..,..,..
Prevalence of undernourishment (% of population),SN.ITK.DEFC.ZS,Kenya,KEN,..,..,24.8,24.4,24.6,23.2,21.5,20.9,22.1,24.9,23.9,24.2,24.1,26.6,26.9,26.1,28.5,32.1,34.9,33.6,32.2,..,..,..,..
Prevalence of undernourishment (% of population),SN.ITK.DEFC.ZS,Kiribati,KIR,..,..,4.1,3.8,3.5,3.3,3.2,3.8,4.3,5,5.2,5.6,6,6.2,6,5.5,5.3,5.1,5,4.6,4.4,..,..,..,..
Prevalence of undernourishment (% of population),SN.ITK.DEFC.ZS,"Korea, Dem. People's Rep.",PRK,..,..,42.4,42.6,42.9,41.2,40.3,40.6,41.1,42.7,43,42.6,41.4,39.7,38.2,36.1,33.8,32.6,32.3,34.8,35.7,..,..,..,..
Prevalence of undernourishment (% of population),SN.ITK.DEFC.ZS,"Korea, Rep.",KOR,..,..,2.5,2.5,2.5,2.5,2.5,2.5,2.5,2.5,2.5,2.5,2.5,2.5,2.5,2.5,2.5,2.6,2.6,2.6,2.5,..,..,..,..
Prevalence of undernourishment (% of population),SN.ITK.DEFC.ZS,Kosovo,XKX,..,..,..,..,..,..,..,..,..,..,..,..,..,..,..,..,..,..,..,..,..,..,..,..,..
Prevalence of undernourishment (% of population),SN.ITK.DEFC.ZS,Kuwait,KWT,..,..,2.5,2.5,2.5,2.5,2.5,2.5,2.5,2.5,2.5,2.5,2.5,2.5,2.5,2.5,2.5,2.5,2.5,2.5,2.6,..,..,..,..
Prevalence of undernourishment (% of population),SN.ITK.DEFC.ZS,Kyrgyz Republic,KGZ,..,..,7.2,7.2,7.7,7.9,8,7.6,7.9,8.1,8.1,8.3,9,9.8,10.4,9.7,9,9,11,13.2,15.1,..,..,..,..
Prevalence of undernourishment (% of population),SN.ITK.DEFC.ZS,Lao PDR,LAO,..,..,5.3,5.4,5.6,5.9,6.7,9,12.2,14.5,15.9,16,17.7,18.3,20.1,20.6,22.4,24.1,26.9,29.5,31.2,..,..,..,..
Prevalence of undernourishment (% of population),SN.ITK.DEFC.ZS,Latvia,LVA,..,..,2.5,2.5,2.5,2.5,2.5,2.5,2.5,2.5,2.5,2.5,2.5,2.5,2.5,2.5,2.5,2.5,2.8,3.4,4.6,..,..,..,..
Prevalence of undernourishment (% of population),SN.ITK.DEFC.ZS,Lebanon,LBN,..,..,9.3,7.2,6.7,6.2,5.9,9.6,12.6,14.9,12.1,10.2,9.6,9.4,9.9,10.5,10.9,10.7,9.6,8.6,7.8,..,..,..,..
Prevalence of undernourishment (% of population),SN.ITK.DEFC.ZS,Lesotho,LSO,..,..,23.5,20.8,26,28.3,29.9,20.8,14.8,11.8,11.5,11.6,11.9,12.3,12.4,12.8,13.7,15.3,16.8,18.5,20,..,..,..,..
Prevalence of undernourishment (% of population),SN.ITK.DEFC.ZS,Liberia,LBR,..,..,38.9,37.5,36.6,36.4,36.4,37.2,36,36.3,35.2,34.6,32.9,32.9,34.4,35.3,35.8,36.5,37.6,38.1,36.6,..,..,..,..
Prevalence of undernourishment (% of population),SN.ITK.DEFC.ZS,Libya,LBY,..,..,..,..,..,..,..,..,..,..,..,..,..,..,..,..,..,..,..,..,..,..,..,..,..
Prevalence of undernourishment (% of population),SN.ITK.DEFC.ZS,Liechtenstein,LIE,..,..,..,..,..,..,..,..,..,..,..,..,..,..,..,..,..,..,..,..,..,..,..,..,..
Prevalence of undernourishment (% of population),SN.ITK.DEFC.ZS,Lithuania,LTU,..,..,2.5,2.5,2.5,2.5,2.5,2.5,2.5,2.5,2.5,2.5,2.5,2.5,2.5,2.5,2.5,2.5,2.5,2.5,2.5,..,..,..,..
Prevalence of undernourishment (% of population),SN.ITK.DEFC.ZS,Luxembourg,LUX,..,..,2.5,2.5,2.5,2.5,2.5,2.5,2.5,2.5,2.5,2.5,2.5,2.5,2.5,2.5,2.5,2.5,2.5,2.5,2.5,..,..,..,..
Prevalence of undernourishment (% of population),SN.ITK.DEFC.ZS,"Macao SAR, China",MAC,..,..,4.3,4.5,4.8,5,5.1,7.6,10.1,13,13.3,13.8,14.2,14.5,14.9,15.2,16,17.3,19.1,20.6,21.2,..,..,..,..
Prevalence of undernourishment (% of population),SN.ITK.DEFC.ZS,Madagascar,MDG,..,..,43.2,42.6,42.3,41.6,40.2,37.6,33.1,29.7,28.3,29,30.3,30.4,30.5,31,33.4,35,36.5,35.2,33.8,..,..,..,..
Prevalence of undernourishment (% of population),SN.ITK.DEFC.ZS,Malawi,MWI,..,..,17.3,16.8,16.5,16.1,16,16.1,16.2,15.9,15.2,16.4,17.5,19,19.3,20.8,22.5,24,24.6,23.8,23.6,..,..,..,..
Prevalence of undernourishment (% of population),SN.ITK.DEFC.ZS,Malaysia,MYS,..,..,3.2,3.2,3.4,3.5,3.8,3.4,3.2,2.8,3,3.2,3.5,3.6,3.6,3.4,3.2,3.1,2.9,2.8,2.5,..,..,..,..
Prevalence of undernourishment (% of population),SN.ITK.DEFC.ZS,Maldives,MDV,..,..,..,..,..,..,..,..,..,..,..,..,..,..,..,..,..,..,..,..,..,..,..,..,..
Prevalence of undernourishment (% of population),SN.ITK.DEFC.ZS,Mali,MLI,..,..,10.4,7.7,6.3,5.3,5,4.9,4.8,4.7,4.8,6,7.5,9.4,10.4,11.9,13.3,14.4,15.1,15.2,16.2,..,..,..,..
Prevalence of undernourishment (% of population),SN.ITK.DEFC.ZS,Malta,MLT,..,..,2.5,2.5,2.5,2.5,2.5,2.5,2.5,2.5,2.5,2.5,2.5,2.5,2.5,2.5,2.5,2.5,2.5,2.5,2.5,..,..,..,..
Prevalence of undernourishment (% of population),SN.ITK.DEFC.ZS,Marshall Islands,MHL,..,..,..,..,..,..,..,..,..,..,..,..,..,..,..,..,..,..,..,..,..,..,..,..,..
Prevalence of undernourishment (% of population),SN.ITK.DEFC.ZS,Mauritania,MRT,..,..,9.1,8.7,8.6,8.5,8.3,7.7,7.3,7,7.1,7.3,7.2,7.3,8.1,8.8,9.4,8.5,8.3,7.9,8.3,..,..,..,..
Prevalence of undernourishment (% of population),SN.ITK.DEFC.ZS,Mauritius,MUS,..,..,6.2,5.7,5.9,5.7,5.6,5.3,5.6,5.6,5.3,4.7,4.8,5,5.2,5,5.1,5.2,5.4,5.6,5.7,..,..,..,..
Prevalence of undernourishment (% of population),SN.ITK.DEFC.ZS,Mexico,MEX,..,..,7.2,6.2,6.1,5.8,5,4.4,4.3,4.8,4.9,5,4.8,4.5,4.1,4.1,4.4,4.6,4.3,3.7,3.3,..,..,..,..
Prevalence of undernourishment (% of population),SN.ITK.DEFC.ZS,"Micronesia, Fed. Sts.",FSM,..,..,..,..,..,..,..,..,..,..,..,..,..,..,..,..,..,..,..,..,..,..,..,..,..
Prevalence of undernourishment (% of population),SN.ITK.DEFC.ZS,Moldova,MDA,..,..,..,..,..,..,..,..,..,..,..,..,..,..,..,..,..,..,..,..,..,..,..,..,..
Prevalence of undernourishment (% of population),SN.ITK.DEFC.ZS,Monaco,MCO,..,..,..,..,..,..,..,..,..,..,..,..,..,..,..,..,..,..,..,..,..,..,..,..,..
Prevalence of undernourishment (% of population),SN.ITK.DEFC.ZS,Mongolia,MNG,..,..,4.3,5.5,6.3,7.4,8.4,11.5,14.7,17.3,18.4,19.1,20.5,22.3,25.2,27.4,29.6,30.7,30.8,30.6,31.1,..,..,..,..
Prevalence of undernourishment (% of population),SN.ITK.DEFC.ZS,Montenegro,MNE,..,..,2.5,2.5,2.5,2.5,2.5,2.5,2.5,2.5,2.5,2.5,2.5,2.5,2.5,3.1,5.5,7.7,8.4,9.2,9.6,..,..,..,..
Prevalence of undernourishment (% of population),SN.ITK.DEFC.ZS,Morocco,MAR,..,..,4.2,3.7,3.7,3.8,3.8,4.1,4.4,4.9,5.3,5.5,5.6,5.6,5.5,5.6,5.5,5.5,5.6,5.9,6.3,..,..,..,..
Prevalence of undernourishment (% of population),SN.ITK.DEFC.ZS,Mozambique,MOZ,..,..,31.2,31,31.4,31.5,29.7,25.7,22.4,21,21.8,24.1,25.8,28.6,29.9,32.4,33.3,34.1,34.1,35.2,36.5,..,..,..,..
Prevalence of undernourishment (% of population),SN.ITK.DEFC.ZS,Myanmar,MMR,..,..,7.6,7.8,8.1,8.4,8.9,9.7,10.5,11.2,11.4,13.1,15.1,18.4,21.2,24.8,27.8,30.2,32.4,34.8,37.6,..,..,..,..
Prevalence of undernourishment (% of population),SN.ITK.DEFC.ZS,Namibia,NAM,..,..,19.8,19.9,20,20.2,21,23.6,26.5,29.6,31.5,32.7,31.5,27.6,23.5,20.1,18.2,16.6,15.7,14.5,13.5,..,..,..,..
Prevalence of undernourishment (% of population),SN.ITK.DEFC.ZS,Nauru,NRU,..,..,..,..,..,..,..,..,..,..,..,..,..,..,..,..,..,..,..,..,..,..,..,..,..
Prevalence of undernourishment (% of population),SN.ITK.DEFC.ZS,Nepal,NPL,..,..,4.8,4.3,4.2,4.5,5.3,6.4,7,8.1,9.2,10.5,11.6,13,14.9,15.9,16.8,17.6,19.8,21.7,23.5,..,..,..,..
Prevalence of undernourishment (% of population),SN.ITK.DEFC.ZS,Netherlands,NLD,..,..,2.5,2.5,2.5,2.5,2.5,2.5,2.5,2.5,2.5,2.5,2.5,2.5,2.5,2.5,2.5,2.5,2.5,2.5,2.5,..,..,..,..
Prevalence of undernourishment (% of population),SN.ITK.DEFC.ZS,New Caledonia,NCL,..,..,6.9,7,6.8,6.5,6.2,6.8,7.4,8.1,8.2,8.5,8.9,9.1,9.4,9.5,9.6,9.5,9.1,8.7,8.4,..,..,..,..
Prevalence of undernourishment (% of population),SN.ITK.DEFC.ZS,New Zealand,NZL,..,..,2.5,2.5,2.5,2.5,2.5,2.5,2.5,2.5,2.5,2.5,2.5,2.5,2.5,2.5,2.5,2.5,2.5,2.5,2.5,..,..,..,..
Prevalence of undernourishment (% of population),SN.ITK.DEFC.ZS,Nicaragua,NIC,..,..,19.3,18.2,17.6,18,19,18.7,18.1,17.8,19.2,20.1,20.9,21.2,21.6,22.2,23.3,24,25,25.2,27.5,..,..,..,..
Prevalence of undernourishment (% of population),SN.ITK.DEFC.ZS,Niger,NER,..,..,..,..,..,..,..,..,..,..,..,..,..,..,..,..,..,..,..,..,..,..,..,..,..
Prevalence of undernourishment (% of population),SN.ITK.DEFC.ZS,Nigeria,NGA,..,..,14.6,10.7,10,9.4,9.2,9.3,9,8.8,8.1,7.8,7.3,6.8,6.6,6.7,7.1,7.9,8.6,8.9,8.9,..,..,..,..
Prevalence of undernourishment (% of population),SN.ITK.DEFC.ZS,North Macedonia,MKD,..,..,2.7,2.5,2.7,3,3.3,3.5,3.6,3.7,3.6,3.4,3.1,2.9,3.6,4.4,5,5.5,5.8,7.5,7.5,..,..,..,..
Prevalence of undernourishment (% of population),SN.ITK.DEFC.ZS,Northern Mariana Islands,MNP,..,..,..,..,..,..,..,..,..,..,..,..,..,..,..,..,..,..,..,..,..,..,..,..,..
Prevalence of undernourishment (% of population),SN.ITK.DEFC.ZS,Norway,NOR,..,..,2.5,2.5,2.5,2.5,2.5,2.5,2.5,2.5,2.5,2.5,2.5,2.5,2.5,2.5,2.5,2.5,2.5,2.5,2.5,..,..,..,..
Prevalence of undernourishment (% of population),SN.ITK.DEFC.ZS,Oman,OMN,..,..,8.2,8.1,8.4,8.4,8.1,7,6.8,7.3,8.4,9.1,9.4,9.7,9.7,9.6,9.6,10.1,11,11.3,12.3,..,..,..,..
Prevalence of undernourishment (% of population),SN.ITK.DEFC.ZS,Pakistan,PAK,..,..,12.9,12.2,12.1,12.4,12.8,13.9,15.1,15.9,15.9,15.9,15.9,15.8,15.8,16.4,17.6,19,21,21.8,21.1,..,..,..,..
Prevalence of undernourishment (% of population),SN.ITK.DEFC.ZS,Palau,PLW,..,..,..,..,..,..,..,..,..,..,..,..,..,..,..,..,..,..,..,..,..,..,..,..,..
Prevalence of undernourishment (% of population),SN.ITK.DEFC.ZS,Panama,PAN,..,..,7.5,7.4,7.5,7.8,8.1,8.3,8.5,9.1,10.2,11.8,12.9,14.1,16.2,18.5,21.6,21.3,21,20.5,24.5,..,..,..,..
Prevalence of undernourishment (% of population),SN.ITK.DEFC.ZS,Papua New Guinea,PNG,..,..,24.6,24.9,25.1,25.2,25,23.8,22.8,21.3,21.1,22.7,24.7,27,26.6,27.3,27.4,28.6,27.7,27,26.3,..,..,..,..
Prevalence of undernourishment (% of population),SN.ITK.DEFC.ZS,Paraguay,PRY,..,..,9.2,7.9,7.8,7.7,7.4,7.4,7.7,7.7,7.8,8.4,9.2,9.6,9.4,9.7,9.5,9.1,8.8,9.3,10.5,..,..,..,..
Prevalence of undernourishment (% of population),SN.ITK.DEFC.ZS,Peru,PER,..,..,8.7,7.9,7.6,6.9,5.9,5.4,5.6,6.7,7.7,8.8,9.8,11.6,13.7,15.7,18.8,21.7,23.1,22.9,21.5,..,..,..,..
Prevalence of undernourishment (% of population),SN.ITK.DEFC.ZS,Philippines,PHL,..,..,9.4,9.7,10.9,12.1,13.3,13.8,13.8,13.7,13.7,13.4,12.8,12.6,13.1,14,14.9,16.2,17.1,18.4,18.7,..,..,..,..
Prevalence of undernourishment (% of population),SN.ITK.DEFC.ZS,Poland,POL,..,..,2.5,2.5,2.5,2.5,2.5,2.5,2.5,2.5,2.5,2.5,2.5,2.5,2.5,2.5,2.5,2.5,2.5,2.5,2.5,..,..,..,..
Prevalence of undernourishment (% of population),SN.ITK.DEFC.ZS,Portugal,PRT,..,..,2.5,2.5,2.5,2.5,2.5,2.5,2.5,2.5,2.5,2.5,2.5,2.5,2.5,2.5,2.5,2.5,2.5,2.5,2.5,..,..,..,..
Prevalence of undernourishment (% of population),SN.ITK.DEFC.ZS,Puerto Rico,PRI,..,..,..,..,..,..,..,..,..,..,..,..,..,..,..,..,..,..,..,..,..,..,..,..,..
Prevalence of undernourishment (% of population),SN.ITK.DEFC.ZS,Qatar,QAT,..,..,..,..,..,..,..,..,..,..,..,..,..,..,..,..,..,..,..,..,..,..,..,..,..
Prevalence of undernourishment (% of population),SN.ITK.DEFC.ZS,Romania,ROU,..,..,2.5,2.5,2.5,2.5,2.5,2.5,2.5,2.5,2.5,2.5,2.5,2.5,2.5,2.5,2.5,2.5,2.5,2.5,2.5,..,..,..,..
Prevalence of undernourishment (% of population),SN.ITK.DEFC.ZS,Russian Federation,RUS,..,..,2.5,2.5,2.5,2.5,2.5,2.5,2.5,2.5,2.5,2.5,2.5,2.5,2.5,2.5,2.5,2.5,2.8,3.3,4,..,..,..,..
Prevalence of undernourishment (% of population),SN.ITK.DEFC.ZS,Rwanda,RWA,..,..,35.2,34.3,34.5,34.8,35.3,35.1,34.7,34.3,34.1,31.3,29.8,29.5,32.3,33.7,35.3,35.9,34.6,35.2,38.5,..,..,..,..
Prevalence of undernourishment (% of population),SN.ITK.DEFC.ZS,Samoa,WSM,..,..,4.6,4.6,4.7,4.7,4.5,4.2,3.8,4,4.1,4.2,3.9,4,3.9,3.8,3.4,3.3,3.4,3.5,3.5,..,..,..,..
Prevalence of undernourishment (% of population),SN.ITK.DEFC.ZS,San Marino,SMR,..,..,..,..,..,..,..,..,..,..,..,..,..,..,..,..,..,..,..,..,..,..,..,..,..
Prevalence of undernourishment (% of population),SN.ITK.DEFC.ZS,Sao Tome and Principe,STP,..,..,11.9,11.8,11.8,12.6,12.8,12.7,13.1,13.9,14.9,14.1,12.6,11.1,9.8,9,9,9.8,11.2,12.8,14.7,..,..,..,..
Prevalence of undernourishment (% of population),SN.ITK.DEFC.ZS,Saudi Arabia,SAU,..,..,3.9,3.8,3.7,3.7,3.7,4.3,4.6,5.4,5.4,5.9,5.7,5.5,4.8,4.5,4.8,5,5.1,5,4.9,..,..,..,..
Prevalence of undernourishment (% of population),SN.ITK.DEFC.ZS,Senegal,SEN,..,..,7.5,7.4,7.9,8.9,9.8,11.2,11.5,12,11.4,11.1,10.3,10.9,12.7,15.5,17.2,19,21,22.7,24,..,..,..,..
Prevalence of undernourishment (% of population),SN.ITK.DEFC.ZS,Serbia,SRB,..,..,3.9,3.8,4,4.2,4.1,3.7,3.2,2.7,2.6,2.5,2.5,2.5,2.5,2.5,2.5,2.5,2.7,3,3.1,..,..,..,..
Prevalence of undernourishment (% of population),SN.ITK.DEFC.ZS,Seychelles,SYC,..,..,..,..,..,..,..,..,..,..,..,..,..,..,..,..,..,..,..,..,..,..,..,..,..
Prevalence of undernourishment (% of population),SN.ITK.DEFC.ZS,Sierra Leone,SLE,..,..,26.2,25.7,26.2,25.4,25.8,25,25.3,24.3,24,28.8,34.5,40.3,41.7,43.7,46.7,48.8,49.4,49.8,50.7,..,..,..,..
Prevalence of undernourishment (% of population),SN.ITK.DEFC.ZS,Singapore,SGP,..,..,..,..,..,..,..,..,..,..,..,..,..,..,..,..,..,..,..,..,..,..,..,..,..
Prevalence of undernourishment (% of population),SN.ITK.DEFC.ZS,Sint Maarten (Dutch part),SXM,..,..,..,..,..,..,..,..,..,..,..,..,..,..,..,..,..,..,..,..,..,..,..,..,..
Prevalence of undernourishment (% of population),SN.ITK.DEFC.ZS,Slovak Republic,SVK,..,..,4,4.1,4.5,5.6,5.9,5.3,4,3.4,3.4,3.5,4,4.9,5.4,5.6,5.5,5.8,6,6.2,6.1,..,..,..,..
Prevalence of undernourishment (% of population),SN.ITK.DEFC.ZS,Slovenia,SVN,..,..,2.5,2.5,2.5,2.5,2.5,2.5,2.5,2.5,2.5,2.5,2.5,2.5,2.5,2.5,2.5,2.5,2.5,2.5,2.5,..,..,..,..
Prevalence of undernourishment (% of population),SN.ITK.DEFC.ZS,Solomon Islands,SLB,..,..,16.5,17,17.6,18,18.4,19.1,18.8,17.1,14.9,13.5,13,13.2,12.6,12.8,12.5,12.7,12.6,13.1,13.3,..,..,..,..
Prevalence of undernourishment (% of population),SN.ITK.DEFC.ZS,Somalia,SOM,..,..,59.5,57.4,58.7,57.8,60.3,65.7,71.3,79.7,81.7,75.6,67.1,58.2,58.2,58.2,58.2,58.1,58,57.9,57.9,..,..,..,..
Prevalence of undernourishment (% of population),SN.ITK.DEFC.ZS,South Africa,ZAF,..,..,6.5,5.5,5.5,5.4,5.2,4.8,4.3,4,3.7,3.6,3.6,3.6,3.6,3.5,3.4,3.4,3.6,3.7,3.9,..,..,..,..
Prevalence of undernourishment (% of population),SN.ITK.DEFC.ZS,South Sudan,SSD,..,..,..,..,..,..,..,..,..,..,..,..,..,..,..,..,..,..,..,..,..,..,..,..,..
Prevalence of undernourishment (% of population),SN.ITK.DEFC.ZS,Spain,ESP,..,..,2.5,2.5,2.5,2.5,2.5,2.5,2.5,2.5,2.5,2.5,2.5,2.5,2.5,2.5,2.5,2.5,2.5,2.5,2.5,..,..,..,..
Prevalence of undernourishment (% of population),SN.ITK.DEFC.ZS,Sri Lanka,LKA,..,..,6.8,6,5.9,6.3,6.8,8.1,9.2,10.3,10.9,11.3,11.4,11.9,12.8,14.1,14.7,15.6,16.1,16.3,16.9,..,..,..,..
Prevalence of undernourishment (% of population),SN.ITK.DEFC.ZS,St. Kitts and Nevis,KNA,..,..,..,..,..,..,..,..,..,..,..,..,..,..,..,..,..,..,..,..,..,..,..,..,..
Prevalence of undernourishment (% of population),SN.ITK.DEFC.ZS,St. Lucia,LCA,..,..,..,..,..,..,..,..,..,..,..,..,..,..,..,..,..,..,..,..,..,..,..,..,..
Prevalence of undernourishment (% of population),SN.ITK.DEFC.ZS,St. Martin (French part),MAF,..,..,..,..,..,..,..,..,..,..,..,..,..,..,..,..,..,..,..,..,..,..,..,..,..
Prevalence of undernourishment (% of population),SN.ITK.DEFC.ZS,St. Vincent and the Grenadines,VCT,..,..,5.6,5.5,5.5,5.6,5.7,5.5,5.4,5.2,5.5,5.7,6,6.4,6.8,7.2,7.9,8.7,9.5,11.9,13.4,..,..,..,..
Prevalence of undernourishment (% of population),SN.ITK.DEFC.ZS,Sudan,SDN,..,..,12.3,12,11.8,11.8,11.2,11,11.6,13.4,15.4,16.5,16.5,16.3,16.7,17.6,18.9,19.7,20,20.3,21.5,..,..,..,..
Prevalence of undernourishment (% of population),SN.ITK.DEFC.ZS,Suriname,SUR,..,..,8.7,8.5,8.4,8.2,7.7,7.6,7.7,8.2,7.6,7.3,7.6,8.3,8.8,8.8,9.7,10.3,10.9,11.5,11.8,..,..,..,..
Prevalence of undernourishment (% of population),SN.ITK.DEFC.ZS,Sweden,SWE,..,..,2.5,2.5,2.5,2.5,2.5,2.5,2.5,2.5,2.5,2.5,2.5,2.5,2.5,2.5,2.5,2.5,2.5,2.5,2.5,..,..,..,..
Prevalence of undernourishment (% of population),SN.ITK.DEFC.ZS,Switzerland,CHE,..,..,2.5,2.5,2.5,2.5,2.5,2.5,2.5,2.5,2.5,2.5,2.5,2.5,2.5,2.5,2.5,2.5,2.5,2.5,2.5,..,..,..,..
Prevalence of undernourishment (% of population),SN.ITK.DEFC.ZS,Syrian Arab Republic,SYR,..,..,..,..,..,..,..,..,..,..,..,..,..,..,..,..,..,..,..,..,..,..,..,..,..
Prevalence of undernourishment (% of population),SN.ITK.DEFC.ZS,Tajikistan,TJK,..,..,..,..,..,..,..,..,..,..,..,..,..,..,..,..,..,..,..,..,..,..,..,..,..
Prevalence of undernourishment (% of population),SN.ITK.DEFC.ZS,Tanzania,TZA,..,..,25.1,24.2,24.1,24.1,24.4,25.3,26.2,27.2,28,29.5,30.9,30.7,30.5,30.2,31.6,33.7,33.6,34.1,33,..,..,..,..
Prevalence of undernourishment (% of population),SN.ITK.DEFC.ZS,Thailand,THA,..,..,8.2,7.9,7.7,7.5,7.3,7.7,8.2,8.8,9.2,10,10.4,10.6,10.2,10.6,11.9,13.7,15,16.4,17.3,..,..,..,..
Prevalence of undernourishment (% of population),SN.ITK.DEFC.ZS,Timor-Leste,TLS,..,..,22.6,23.3,24,24.1,24.5,26.8,28.7,31,31.1,32.5,32.5,32.4,31.7,31.9,32.2,32.5,33.1,36.5,41.5,..,..,..,..
Prevalence of undernourishment (% of population),SN.ITK.DEFC.ZS,Togo,TGO,..,..,20.4,20.9,21.2,21.6,20.9,20.4,19.6,19.5,19.7,21.2,23.3,25.6,26.2,27.2,27.7,28.7,29.8,31.1,31.3,..,..,..,..
Prevalence of undernourishment (% of population),SN.ITK.DEFC.ZS,Tonga,TON,..,..,..,..,..,..,..,..,..,..,..,..,..,..,..,..,..,..,..,..,..,..,..,..,..
Prevalence of undernourishment (% of population),SN.ITK.DEFC.ZS,Trinidad and Tobago,TTO,..,..,6.7,6.7,6.8,6.8,6.8,6.5,6.6,7.2,8.3,9.2,9.6,9.6,9.9,10.5,11.1,11.5,11.1,10.5,10,..,..,..,..
Prevalence of undernourishment (% of population),SN.ITK.DEFC.ZS,Tunisia,TUN,..,..,3,2.5,2.5,2.5,2.5,2.7,2.9,3.1,3.3,3.4,3.6,3.8,4,4.3,4.3,4.4,4.5,4.4,4.4,..,..,..,..
Prevalence of undernourishment (% of population),SN.ITK.DEFC.ZS,Turkey,TUR,..,..,2.5,2.5,2.5,2.5,2.5,2.5,2.5,2.5,2.5,2.5,2.5,2.5,2.5,2.5,2.5,2.5,2.5,2.5,2.5,..,..,..,..
Prevalence of undernourishment (% of population),SN.ITK.DEFC.ZS,Turkmenistan,TKM,..,..,4.1,3.9,3.7,3.4,3.4,3.9,4.5,5,4.8,4.5,4.3,4,3.9,4,4.2,4.5,5.2,6.2,6.8,..,..,..,..
Prevalence of undernourishment (% of population),SN.ITK.DEFC.ZS,Turks and Caicos Islands,TCA,..,..,..,..,..,..,..,..,..,..,..,..,..,..,..,..,..,..,..,..,..,..,..,..,..
Prevalence of undernourishment (% of population),SN.ITK.DEFC.ZS,Tuvalu,TUV,..,..,..,..,..,..,..,..,..,..,..,..,..,..,..,..,..,..,..,..,..,..,..,..,..
Prevalence of undernourishment (% of population),SN.ITK.DEFC.ZS,Uganda,UGA,..,..,..,..,..,..,..,..,..,..,..,..,..,..,..,..,..,..,..,..,..,..,..,..,..
Prevalence of undernourishment (% of population),SN.ITK.DEFC.ZS,Ukraine,UKR,..,..,2.5,2.5,2.5,2.5,2.5,2.5,2.5,2.5,2.5,2.5,2.5,2.5,2.5,2.5,2.5,2.5,2.5,2.5,3,..,..,..,..
Prevalence of undernourishment (% of population),SN.ITK.DEFC.ZS,United Arab Emirates,ARE,..,..,3.7,3.4,3.2,2.9,2.7,2.9,3.6,4.4,5.5,6.3,7.4,8.2,9,9.2,8.8,7.7,5.9,4.4,3.3,..,..,..,..
Prevalence of undernourishment (% of population),SN.ITK.DEFC.ZS,United Kingdom,GBR,..,..,2.5,2.5,2.5,2.5,2.5,2.5,2.5,2.5,2.5,2.5,2.5,2.5,2.5,2.5,2.5,2.5,2.5,2.5,2.5,..,..,..,..
Prevalence of undernourishment (% of population),SN.ITK.DEFC.ZS,United States,USA,..,..,2.5,2.5,2.5,2.5,2.5,2.5,2.5,2.5,2.5,2.5,2.5,2.5,2.5,2.5,2.5,2.5,2.5,2.5,2.5,..,..,..,..
Prevalence of undernourishment (% of population),SN.ITK.DEFC.ZS,Uruguay,URY,..,..,2.5,2.5,2.5,2.5,2.5,2.5,2.5,2.5,2.5,2.5,2.5,2.5,3.1,3.7,3.9,3.8,3.7,3.5,3.6,..,..,..,..
Prevalence of undernourishment (% of population),SN.ITK.DEFC.ZS,Uzbekistan,UZB,..,..,2.5,2.5,2.5,2.5,2.5,2.5,2.5,2.5,2.5,5.4,8.5,11.2,11.5,12.6,14.7,16.8,18.7,19.2,17.9,..,..,..,..
Prevalence of undernourishment (% of population),SN.ITK.DEFC.ZS,Vanuatu,VUT,..,..,9.3,9.5,9.6,8.9,8.1,6.9,6.4,5.9,5.6,5.2,5.1,5,5.3,5.7,6.3,6.5,6.8,7.1,7.4,..,..,..,..
Prevalence of undernourishment (% of population),SN.ITK.DEFC.ZS,"Venezuela, RB",VEN,..,..,27.4,23.4,22.2,16.4,11.3,5,3.3,3.2,2.5,2.5,2.5,2.8,4.8,7,8.4,10,14.6,15.1,14.9,..,..,..,..
Prevalence of undernourishment (% of population),SN.ITK.DEFC.ZS,Vietnam,VNM,..,..,6.7,6.8,7.2,7.8,8.1,8.5,8.7,9.3,10,11,11.8,12.9,14.1,15.3,15.5,15.7,16.3,18,19.7,..,..,..,..
Prevalence of undernourishment (% of population),SN.ITK.DEFC.ZS,Virgin Islands (U.S.),VIR,..,..,..,..,..,..,..,..,..,..,..,..,..,..,..,..,..,..,..,..,..,..,..,..,..
Prevalence of undernourishment (% of population),SN.ITK.DEFC.ZS,West Bank and Gaza,PSE,..,..,..,..,..,..,..,..,..,..,..,..,..,..,..,..,..,..,..,..,..,..,..,..,..
Prevalence of undernourishment (% of population),SN.ITK.DEFC.ZS,"Yemen, Rep.",YEM,..,..,45.4,45.4,46.6,46.1,43.4,38.6,34.3,33.3,27.9,26.4,23.5,26,26.1,26.6,27.8,28.3,28,27.6,26.7,..,..,..,..
Prevalence of undernourishment (% of population),SN.ITK.DEFC.ZS,Zambia,ZMB,..,..,..,..,..,..,..,..,..,..,..,..,..,..,..,..,..,..,..,..,..,..,..,..,..
Prevalence of undernourishment (% of population),SN.ITK.DEFC.ZS,Zimbabwe,ZWE,..,..,..,..,..,..,..,..,..,..,..,..,..,..,..,..,..,..,..,..,..,..,..,..,..
Number of people who are undernourished,SN.ITK.DEFC,Afghanistan,AFG,..,..,9700000,8700000,8300000,7800000,7400000,8100000,8500000,8800000,7400000,6900000,6900000,7400000,8100000,8800000,9200000,9400000,9600000,10300000,10300000,..,..,..,..
Number of people who are undernourished,SN.ITK.DEFC,Albania,ALB,..,..,100000,100000,100000,100000,100000,100000,100000,100000,100000,100000,200000,200000,300000,300000,300000,300000,200000,200000,200000,..,..,..,..
Number of people who are undernourished,SN.ITK.DEFC,Algeria,DZA,..,..,..,..,1100000,1100000,1100000,1100000,1200000,1200000,1500000,1600000,1900000,1900000,2000000,2200000,2200000,2300000,2300000,2300000,2500000,..,..,..,..
Number of people who are undernourished,SN.ITK.DEFC,American Samoa,ASM,..,..,..,..,..,..,..,..,..,..,..,..,..,..,..,..,..,..,..,..,..,..,..,..,..
Number of people who are undernourished,SN.ITK.DEFC,Andorra,AND,..,..,..,..,..,..,..,..,..,..,..,..,..,..,..,..,..,..,..,..,..,..,..,..,..
Number of people who are undernourished,SN.ITK.DEFC,Angola,AGO,..,..,5500000,4800000,4600000,4400000,4100000,3800000,3900000,4100000,4200000,5700000,7500000,9300000,9600000,9900000,10100000,10300000,10600000,11100000,11400000,..,..,..,..
Number of people who are undernourished,SN.ITK.DEFC,Antigua and Barbuda,ATG,..,..,..,..,..,..,..,..,..,..,..,..,..,..,..,..,..,..,..,..,..,..,..,..,..
Number of people who are undernourished,SN.ITK.DEFC,Argentina,ARG,..,..,1700000,1500000,1400000,1100000,..,..,1200000,1300000,1300000,1400000,1300000,1300000,1300000,1300000,1400000,1600000,1700000,1400000,1100000,..,..,..,..
Number of people who are undernourished,SN.ITK.DEFC,Armenia,ARM,..,..,100000,100000,100000,100000,100000,100000,100000,100000,100000,100000,100000,200000,200000,300000,400000,500000,600000,700000,800000,..,..,..,..
Number of people who are undernourished,SN.ITK.DEFC,Aruba,ABW,..,..,..,..,..,..,..,..,..,..,..,..,..,..,..,..,..,..,..,..,..,..,..,..,..
Number of people who are undernourished,SN.ITK.DEFC,Australia,AUS,..,..,..,..,..,..,..,..,..,..,..,..,..,..,..,..,..,..,..,..,..,..,..,..,..
Number of people who are undernourished,SN.ITK.DEFC,Austria,AUT,..,..,..,..,..,..,..,..,..,..,..,..,..,..,..,..,..,..,..,..,..,..,..,..,..
Number of people who are undernourished,SN.ITK.DEFC,Azerbaijan,AZE,..,..,..,..,..,..,..,..,..,..,..,..,..,..,..,200000,400000,600000,900000,1100000,1400000,..,..,..,..
Number of people who are undernourished,SN.ITK.DEFC,"Bahamas, The",BHS,..,..,..,..,..,..,..,..,..,..,..,..,..,..,..,..,..,..,..,..,..,..,..,..,..
Number of people who are undernourished,SN.ITK.DEFC,Bahrain,BHR,..,..,..,..,..,..,..,..,..,..,..,..,..,..,..,..,..,..,..,..,..,..,..,..,..
Number of people who are undernourished,SN.ITK.DEFC,Bangladesh,BGD,..,..,15900000,17500000,20000000,21000000,21800000,21900000,23000000,23400000,23500000,22400000,21500000,19600000,19800000,19400000,19700000,19700000,20000000,20000000,20700000,..,..,..,..
Number of people who are undernourished,SN.ITK.DEFC,Barbados,BRB,..,..,100000,100000,100000,100000,100000,100000,100000,100000,100000,100000,100000,100000,100000,100000,100000,100000,100000,100000,100000,..,..,..,..
Number of people who are undernourished,SN.ITK.DEFC,Belarus,BLR,..,..,..,..,..,..,..,..,..,..,..,..,..,..,..,..,..,300000,300000,300000,..,..,..,..,..
Number of people who are undernourished,SN.ITK.DEFC,Belgium,BEL,..,..,..,..,..,..,..,..,..,..,..,..,..,..,..,..,..,..,..,..,..,..,..,..,..
Number of people who are undernourished,SN.ITK.DEFC,Belize,BLZ,..,..,100000,100000,100000,100000,100000,100000,100000,100000,100000,100000,100000,100000,100000,100000,100000,100000,100000,100000,100000,..,..,..,..
Number of people who are undernourished,SN.ITK.DEFC,Benin,BEN,..,..,900000,800000,800000,800000,800000,800000,800000,800000,800000,800000,800000,800000,900000,900000,1000000,1000000,1000000,1100000,1200000,..,..,..,..
Number of people who are undernourished,SN.ITK.DEFC,Bermuda,BMU,..,..,..,..,..,..,..,..,..,..,..,..,..,..,..,..,..,..,..,..,..,..,..,..,..
Number of people who are undernourished,SN.ITK.DEFC,Bhutan,BTN,..,..,..,..,..,..,..,..,..,..,..,..,..,..,..,..,..,..,..,..,..,..,..,..,..
Number of people who are undernourished,SN.ITK.DEFC,Bolivia,BOL,..,..,1500000,1400000,1400000,1400000,1600000,1700000,1700000,1700000,1800000,2000000,2300000,2400000,2300000,2300000,2500000,2500000,2500000,2400000,2400000,..,..,..,..
Number of people who are undernourished,SN.ITK.DEFC,Bosnia and Herzegovina,BIH,..,..,..,..,..,..,..,..,..,..,..,..,..,..,..,..,..,..,100000,100000,100000,..,..,..,..
Number of people who are undernourished,SN.ITK.DEFC,Botswana,BWA,..,..,700000,700000,600000,600000,600000,600000,600000,600000,600000,600000,600000,600000,600000,500000,500000,400000,400000,400000,400000,..,..,..,..
Number of people who are undernourished,SN.ITK.DEFC,Brazil,BRA,..,..,..,..,..,..,..,5200000,5600000,6100000,6700000,7600000,8600000,9800000,10600000,11600000,12100000,12600000,14400000,16600000,18900000,..,..,..,..
Number of people who are undernourished,SN.ITK.DEFC,British Virgin Islands,VGB,..,..,..,..,..,..,..,..,..,..,..,..,..,..,..,..,..,..,..,..,..,..,..,..,..
Number of people who are undernourished,SN.ITK.DEFC,Brunei Darussalam,BRN,..,..,..,..,..,..,..,..,..,..,..,..,..,..,..,..,..,..,..,..,100000,..,..,..,..
Number of people who are undernourished,SN.ITK.DEFC,Bulgaria,BGR,..,..,200000,200000,200000,300000,200000,200000,300000,300000,300000,300000,300000,300000,400000,400000,400000,400000,400000,300000,300000,..,..,..,..
Number of people who are undernourished,SN.ITK.DEFC,Burkina Faso,BFA,..,..,2900000,2500000,2400000,2300000,2200000,2100000,2100000,2100000,2100000,2100000,2200000,2300000,2300000,2400000,2400000,2400000,2400000,2500000,2700000,..,..,..,..
Number of people who are undernourished,SN.ITK.DEFC,Burundi,BDI,..,..,..,..,..,..,..,..,..,..,..,..,..,..,..,..,..,..,..,..,..,..,..,..,..
Number of people who are undernourished,SN.ITK.DEFC,Cabo Verde,CPV,..,..,100000,100000,100000,100000,100000,100000,100000,100000,100000,100000,100000,100000,100000,100000,100000,100000,100000,100000,100000,..,..,..,..
Number of people who are undernourished,SN.ITK.DEFC,Cambodia,KHM,..,..,1000000,1100000,1200000,1300000,1400000,1500000,1600000,1800000,1800000,1900000,2000000,2000000,2000000,2100000,2300000,2400000,2500000,2700000,2900000,..,..,..,..
Number of people who are undernourished,SN.ITK.DEFC,Cameroon,CMR,..,..,1400000,1400000,1400000,1300000,1300000,1200000,1200000,1300000,1300000,1500000,1800000,2200000,2400000,2600000,2800000,3000000,3200000,3400000,3600000,..,..,..,..
Number of people who are undernourished,SN.ITK.DEFC,Canada,CAN,..,..,..,..,..,..,..,..,..,..,..,..,..,..,..,..,..,..,..,..,..,..,..,..,..
Number of people who are undernourished,SN.ITK.DEFC,Cayman Islands,CYM,..,..,..,..,..,..,..,..,..,..,..,..,..,..,..,..,..,..,..,..,..,..,..,..,..
Number of people who are undernourished,SN.ITK.DEFC,Central African Republic,CAF,..,..,2300000,2200000,2100000,2200000,2200000,2200000,1800000,1500000,1200000,1300000,1300000,1400000,1500000,1600000,1600000,1600000,1600000,1500000,1500000,..,..,..,..
Number of people who are undernourished,SN.ITK.DEFC,Chad,TCD,..,..,5100000,4700000,4400000,4200000,3900000,4100000,4100000,4300000,4200000,4300000,4400000,4500000,4200000,4000000,3800000,3600000,3600000,3400000,3400000,..,..,..,..
Number of people who are undernourished,SN.ITK.DEFC,Channel Islands,CHI,..,..,..,..,..,..,..,..,..,..,..,..,..,..,..,..,..,..,..,..,..,..,..,..,..
Number of people who are undernourished,SN.ITK.DEFC,Chile,CHL,..,..,600000,600000,600000,600000,500000,500000,500000,600000,600000,600000,600000,600000,500000,500000,500000,500000,500000,500000,500000,..,..,..,..
Number of people who are undernourished,SN.ITK.DEFC,China,CHN,..,..,..,..,..,..,..,..,..,..,..,..,38300000,53600000,67900000,82000000,94300000,105400000,115200000,123900000,131500000,..,..,..,..
Number of people who are undernourished,SN.ITK.DEFC,Colombia,COL,..,..,4400000,3900000,3500000,3300000,3100000,3400000,3800000,4600000,5500000,5900000,5400000,5000000,4800000,4900000,4800000,4400000,4100000,3700000,3500000,..,..,..,..
Number of people who are undernourished,SN.ITK.DEFC,Comoros,COM,..,..,..,..,..,..,..,..,..,..,..,..,..,..,..,..,..,..,..,..,..,..,..,..,..
Number of people who are undernourished,SN.ITK.DEFC,"Congo, Dem. Rep.",COD,..,..,36200000,34000000,32700000,31500000,30600000,30000000,29600000,28600000,26700000,25100000,24200000,23400000,22600000,21800000,21100000,20300000,19700000,19100000,18500000,..,..,..,..
Number of people who are undernourished,SN.ITK.DEFC,"Congo, Rep.",COG,..,..,2000000,1900000,1800000,1700000,1700000,1500000,1400000,1500000,1600000,1600000,1500000,1400000,1400000,1400000,1200000,1100000,900000,900000,900000,..,..,..,..
Number of people who are undernourished,SN.ITK.DEFC,Costa Rica,CRI,..,..,200000,100000,200000,200000,200000,200000,200000,200000,200000,200000,200000,200000,200000,200000,200000,200000,200000,200000,200000,..,..,..,..
Number of people who are undernourished,SN.ITK.DEFC,Cote d'Ivoire,CIV,..,..,3800000,3700000,3700000,3700000,3800000,4200000,4500000,4700000,4600000,4600000,4500000,4300000,4100000,3800000,3700000,3700000,3700000,3700000,3400000,..,..,..,..
Number of people who are undernourished,SN.ITK.DEFC,Croatia,HRV,..,..,..,..,..,..,..,..,..,..,..,..,..,..,..,..,..,100000,200000,200000,300000,..,..,..,..
Number of people who are undernourished,SN.ITK.DEFC,Cuba,CUB,..,..,..,..,..,..,..,..,..,..,..,..,..,..,..,..,..,..,..,..,..,..,..,..,..
Number of people who are undernourished,SN.ITK.DEFC,Curacao,CUW,..,..,..,..,..,..,..,..,..,..,..,..,..,..,..,..,..,..,..,..,..,..,..,..,..
Number of people who are undernourished,SN.ITK.DEFC,Cyprus,CYP,..,..,..,..,..,..,..,100000,100000,100000,100000,100000,100000,100000,100000,100000,100000,100000,100000,100000,100000,..,..,..,..
Number of people who are undernourished,SN.ITK.DEFC,Czech Republic,CZE,..,..,..,..,..,..,..,..,..,..,..,..,..,..,..,..,..,..,..,..,..,..,..,..,..
Number of people who are undernourished,SN.ITK.DEFC,Denmark,DNK,..,..,..,..,..,..,..,..,..,..,..,..,..,..,..,..,..,..,..,..,..,..,..,..,..
Number of people who are undernourished,SN.ITK.DEFC,Djibouti,DJI,..,..,200000,200000,200000,200000,200000,200000,200000,200000,200000,200000,200000,200000,200000,200000,200000,300000,300000,300000,300000,..,..,..,..
Number of people who are undernourished,SN.ITK.DEFC,Dominica,DMA,..,..,100000,100000,100000,100000,100000,100000,100000,100000,100000,100000,100000,100000,100000,100000,100000,100000,100000,100000,100000,..,..,..,..
Number of people who are undernourished,SN.ITK.DEFC,Dominican Republic,DOM,..,..,900000,700000,700000,700000,800000,800000,900000,1000000,1000000,1200000,1400000,1500000,1500000,1500000,1700000,2100000,2100000,2000000,1800000,..,..,..,..
Number of people who are undernourished,SN.ITK.DEFC,Ecuador,ECU,..,..,2200000,1900000,1800000,1600000,1500000,1400000,1400000,1400000,1300000,1800000,2400000,3100000,3200000,3200000,3100000,3100000,3000000,3000000,2700000,..,..,..,..
Number of people who are undernourished,SN.ITK.DEFC,"Egypt, Arab Rep.",EGY,..,..,5400000,5000000,4700000,4300000,4100000,4200000,4300000,4500000,4300000,4400000,4400000,4500000,4500000,4600000,4900000,4700000,4400000,3900000,3700000,..,..,..,..
Number of people who are undernourished,SN.ITK.DEFC,El Salvador,SLV,..,..,500000,600000,600000,600000,700000,700000,700000,700000,700000,700000,600000,600000,600000,600000,600000,500000,500000,400000,400000,..,..,..,..
Number of people who are undernourished,SN.ITK.DEFC,Equatorial Guinea,GNQ,..,..,..,..,..,..,..,..,..,..,..,..,..,..,..,..,..,..,..,..,..,..,..,..,..
Number of people who are undernourished,SN.ITK.DEFC,Eritrea,ERI,..,..,..,..,..,..,..,..,..,..,..,..,..,..,..,..,..,..,..,..,..,..,..,..,..
Number of people who are undernourished,SN.ITK.DEFC,Estonia,EST,..,..,..,..,..,..,..,..,..,..,..,..,..,..,..,..,..,100000,100000,100000,100000,..,..,..,..
Number of people who are undernourished,SN.ITK.DEFC,Eswatini,SWZ,..,..,100000,100000,100000,100000,100000,100000,200000,200000,200000,200000,200000,100000,100000,100000,100000,100000,100000,100000,100000,..,..,..,..
Number of people who are undernourished,SN.ITK.DEFC,Ethiopia,ETH,..,..,18200000,15700000,14900000,14300000,14900000,17400000,20800000,23400000,23500000,24200000,25300000,27800000,28300000,27900000,28300000,29000000,30700000,31000000,32000000,..,..,..,..
Number of people who are undernourished,SN.ITK.DEFC,Faroe Islands,FRO,..,..,..,..,..,..,..,..,..,..,..,..,..,..,..,..,..,..,..,..,..,..,..,..,..
Number of people who are undernourished,SN.ITK.DEFC,Fiji,FJI,..,..,100000,100000,100000,100000,100000,100000,100000,100000,100000,100000,100000,100000,100000,100000,100000,100000,100000,100000,100000,..,..,..,..
Number of people who are undernourished,SN.ITK.DEFC,Finland,FIN,..,..,..,..,..,..,..,..,..,..,..,..,..,..,..,..,..,..,..,..,..,..,..,..,..
Number of people who are undernourished,SN.ITK.DEFC,France,FRA,..,..,..,..,..,..,..,..,..,..,..,..,..,..,..,..,..,..,..,..,..,..,..,..,..
Number of people who are undernourished,SN.ITK.DEFC,French Polynesia,PYF,..,..,100000,100000,100000,100000,100000,100000,100000,100000,100000,100000,100000,100000,100000,100000,100000,100000,100000,100000,100000,..,..,..,..
Number of people who are undernourished,SN.ITK.DEFC,Gabon,GAB,..,..,300000,300000,300000,300000,300000,300000,300000,300000,300000,300000,300000,300000,200000,200000,200000,200000,200000,200000,100000,..,..,..,..
Number of people who are undernourished,SN.ITK.DEFC,"Gambia, The",GMB,..,..,300000,300000,300000,300000,200000,200000,200000,200000,200000,200000,200000,300000,300000,300000,300000,300000,300000,300000,200000,..,..,..,..
Number of people who are undernourished,SN.ITK.DEFC,Georgia,GEO,..,..,300000,300000,300000,300000,300000,300000,200000,200000,200000,200000,200000,100000,200000,200000,200000,200000,200000,300000,300000,..,..,..,..
Number of people who are undernourished,SN.ITK.DEFC,Germany,DEU,..,..,..,..,..,..,..,..,..,..,..,..,..,..,..,..,..,..,..,..,..,..,..,..,..
Number of people who are undernourished,SN.ITK.DEFC,Ghana,GHA,..,..,1800000,1900000,2100000,2200000,2100000,2000000,1900000,1900000,1700000,1600000,1600000,1900000,2100000,2400000,2500000,2600000,2600000,2700000,2900000,..,..,..,..
Number of people who are undernourished,SN.ITK.DEFC,Gibraltar,GIB,..,..,..,..,..,..,..,..,..,..,..,..,..,..,..,..,..,..,..,..,..,..,..,..,..
Number of people who are undernourished,SN.ITK.DEFC,Greece,GRC,..,..,..,..,..,..,..,..,..,..,..,..,..,..,..,..,..,..,..,..,..,..,..,..,..
Number of people who are undernourished,SN.ITK.DEFC,Greenland,GRL,..,..,..,..,..,..,..,..,..,..,..,..,..,..,..,..,..,..,..,..,..,..,..,..,..
Number of people who are undernourished,SN.ITK.DEFC,Grenada,GRD,..,..,..,..,..,..,..,..,..,..,..,..,..,..,..,..,..,..,..,..,..,..,..,..,..
Number of people who are undernourished,SN.ITK.DEFC,Guam,GUM,..,..,..,..,..,..,..,..,..,..,..,..,..,..,..,..,..,..,..,..,..,..,..,..,..
Number of people who are undernourished,SN.ITK.DEFC,Guatemala,GTM,..,..,2900000,2800000,2800000,2700000,2800000,2800000,2700000,2600000,2500000,2400000,2500000,2500000,2500000,2400000,2500000,2400000,2400000,2400000,2600000,..,..,..,..
Number of people who are undernourished,SN.ITK.DEFC,Guinea,GIN,..,..,..,..,..,..,..,..,..,..,..,..,..,..,..,..,..,..,..,..,..,..,..,..,..
Number of people who are undernourished,SN.ITK.DEFC,Guinea-Bissau,GNB,..,..,..,..,..,..,..,..,..,..,..,..,..,..,..,..,..,..,..,..,..,..,..,..,..
Number of people who are undernourished,SN.ITK.DEFC,Guyana,GUY,..,..,100000,100000,100000,100000,100000,100000,100000,100000,100000,100000,100000,100000,100000,100000,100000,100000,100000,100000,100000,..,..,..,..
Number of people who are undernourished,SN.ITK.DEFC,Haiti,HTI,..,..,5300000,5300000,5300000,5100000,4900000,4900000,4900000,4900000,4700000,4700000,4800000,5000000,5000000,5100000,5100000,5000000,4900000,4800000,4600000,..,..,..,..
Number of people who are undernourished,SN.ITK.DEFC,Honduras,HND,..,..,1300000,1300000,1200000,1300000,1300000,1300000,1200000,1200000,1100000,1300000,1500000,1700000,1600000,1700000,1700000,1600000,1500000,1500000,1500000,..,..,..,..
Number of people who are undernourished,SN.ITK.DEFC,"Hong Kong SAR, China",HKG,..,..,..,..,..,..,..,..,..,..,..,..,..,..,..,..,..,..,..,..,..,..,..,..,..
Number of people who are undernourished,SN.ITK.DEFC,Hungary,HUN,..,..,..,..,..,..,..,..,..,..,..,..,..,..,..,..,..,..,..,..,..,..,..,..,..
Number of people who are undernourished,SN.ITK.DEFC,Iceland,ISL,..,..,..,..,..,..,..,..,..,..,..,..,..,..,..,..,..,..,..,..,..,..,..,..,..
Number of people who are undernourished,SN.ITK.DEFC,India,IND,..,..,208600000,189900000,184900000,187600000,192300000,193300000,193200000,189900000,195000000,197200000,199000000,199000000,207200000,228800000,247800000,249600000,239300000,219300000,198300000,..,..,..,..
Number of people who are undernourished,SN.ITK.DEFC,Indonesia,IDN,..,..,17600000,17200000,16800000,17700000,18200000,19600000,21000000,23400000,26100000,31300000,36900000,40900000,42900000,43500000,43500000,42500000,41600000,41600000,41100000,..,..,..,..
Number of people who are undernourished,SN.ITK.DEFC,"Iran, Islamic Rep.",IRN,..,..,4600000,4400000,4200000,3900000,3700000,3800000,4100000,4700000,4700000,4400000,4000000,3900000,4100000,3900000,3600000,3400000,3400000,3400000,3200000,..,..,..,..
Number of people who are undernourished,SN.ITK.DEFC,Iraq,IRQ,..,..,14700000,14400000,14200000,14100000,13400000,12600000,12200000,11800000,11300000,9400000,8100000,7100000,7200000,6900000,6400000,6300000,5900000,5700000,5400000,..,..,..,..
Number of people who are undernourished,SN.ITK.DEFC,Ireland,IRL,..,..,..,..,..,..,..,..,..,..,..,..,..,..,..,..,..,..,..,..,..,..,..,..,..
Number of people who are undernourished,SN.ITK.DEFC,Isle of Man,IMN,..,..,..,..,..,..,..,..,..,..,..,..,..,..,..,..,..,..,..,..,..,..,..,..,..
Number of people who are undernourished,SN.ITK.DEFC,Israel,ISR,..,..,..,..,..,..,..,..,..,..,..,..,..,..,..,..,..,..,..,..,..,..,..,..,..
Number of people who are undernourished,SN.ITK.DEFC,Italy,ITA,..,..,..,..,..,..,..,..,..,..,..,..,..,..,..,..,..,..,..,..,..,..,..,..,..
Number of people who are undernourished,SN.ITK.DEFC,Jamaica,JAM,..,..,200000,200000,300000,300000,300000,300000,300000,300000,300000,300000,300000,200000,200000,200000,200000,200000,200000,200000,200000,..,..,..,..
Number of people who are undernourished,SN.ITK.DEFC,Japan,JPN,..,..,..,..,..,..,..,..,..,..,..,3400000,3300000,..,..,..,..,..,..,..,..,..,..,..,..
Number of people who are undernourished,SN.ITK.DEFC,Jordan,JOR,..,..,1000000,800000,800000,700000,600000,600000,700000,700000,600000,500000,500000,400000,400000,300000,300000,300000,300000,400000,500000,..,..,..,..
Number of people who are undernourished,SN.ITK.DEFC,Kazakhstan,KAZ,..,..,..,500000,500000,..,..,..,400000,500000,500000,600000,600000,700000,800000,1000000,1100000,1100000,1100000,1000000,1000000,..,..,..,..
Number of people who are undernourished,SN.ITK.DEFC,Kenya,KEN,..,..,13000000,12500000,12400000,11400000,10300000,9800000,10100000,11000000,10300000,10200000,9900000,10600000,10400000,9800000,10400000,11400000,12100000,11300000,10600000,..,..,..,..
Number of people who are undernourished,SN.ITK.DEFC,Kiribati,KIR,..,..,100000,100000,100000,100000,100000,100000,100000,100000,100000,100000,100000,100000,100000,100000,100000,100000,100000,100000,100000,..,..,..,..
Number of people who are undernourished,SN.ITK.DEFC,"Korea, Dem. People's Rep.",PRK,..,..,10900000,10900000,10900000,10400000,10100000,10200000,10200000,10600000,10600000,10500000,10100000,9700000,9200000,8700000,8100000,7700000,7600000,8100000,8200000,..,..,..,..
Number of people who are undernourished,SN.ITK.DEFC,"Korea, Rep.",KOR,..,..,..,..,..,..,..,..,..,..,..,..,..,..,..,..,..,1300000,1300000,1200000,..,..,..,..,..
Number of people who are undernourished,SN.ITK.DEFC,Kosovo,XKX,..,..,..,..,..,..,..,..,..,..,..,..,..,..,..,..,..,..,..,..,..,..,..,..,..
Number of people who are undernourished,SN.ITK.DEFC,Kuwait,KWT,..,..,..,..,..,..,..,..,..,..,..,..,..,..,..,..,..,..,..,..,100000,..,..,..,..
Number of people who are undernourished,SN.ITK.DEFC,Kyrgyz Republic,KGZ,..,..,500000,500000,500000,500000,500000,400000,500000,500000,400000,500000,500000,500000,500000,500000,500000,500000,500000,700000,800000,..,..,..,..
Number of people who are undernourished,SN.ITK.DEFC,Lao PDR,LAO,..,..,400000,400000,400000,400000,500000,600000,800000,900000,1000000,1000000,1100000,1100000,1200000,1200000,1300000,1400000,1500000,1600000,1700000,..,..,..,..
Number of people who are undernourished,SN.ITK.DEFC,Latvia,LVA,..,..,..,..,..,..,..,..,..,..,..,..,..,..,..,..,..,..,100000,100000,100000,..,..,..,..
Number of people who are undernourished,SN.ITK.DEFC,Lebanon,LBN,..,..,600000,500000,500000,400000,400000,600000,700000,800000,600000,500000,500000,400000,500000,500000,500000,500000,400000,400000,300000,..,..,..,..
Number of people who are undernourished,SN.ITK.DEFC,Lesotho,LSO,..,..,500000,400000,500000,600000,600000,400000,300000,200000,200000,200000,200000,200000,200000,300000,300000,300000,300000,400000,400000,..,..,..,..
Number of people who are undernourished,SN.ITK.DEFC,Liberia,LBR,..,..,1900000,1800000,1700000,1700000,1600000,1600000,1500000,1500000,1400000,1300000,1200000,1200000,1200000,1200000,1200000,1100000,1200000,1200000,1100000,..,..,..,..
Number of people who are undernourished,SN.ITK.DEFC,Libya,LBY,..,..,..,..,..,..,..,..,..,..,..,..,..,..,..,..,..,..,..,..,..,..,..,..,..
Number of people who are undernourished,SN.ITK.DEFC,Liechtenstein,LIE,..,..,..,..,..,..,..,..,..,..,..,..,..,..,..,..,..,..,..,..,..,..,..,..,..
Number of people who are undernourished,SN.ITK.DEFC,Lithuania,LTU,..,..,..,..,..,..,..,..,..,..,..,..,..,..,..,..,..,..,..,..,..,..,..,..,..
Number of people who are undernourished,SN.ITK.DEFC,Luxembourg,LUX,..,..,..,..,..,..,..,..,..,..,..,..,..,..,..,..,..,..,..,..,..,..,..,..,..
Number of people who are undernourished,SN.ITK.DEFC,"Macao SAR, China",MAC,..,..,100000,100000,100000,100000,100000,100000,100000,100000,100000,100000,100000,100000,100000,100000,100000,100000,100000,100000,100000,..,..,..,..
Number of people who are undernourished,SN.ITK.DEFC,Madagascar,MDG,..,..,11700000,11200000,10800000,10300000,9700000,8900000,7600000,6600000,6100000,6100000,6200000,6100000,5900000,5900000,6100000,6200000,6300000,5900000,5500000,..,..,..,..
Number of people who are undernourished,SN.ITK.DEFC,Malawi,MWI,..,..,3200000,3100000,2900000,2800000,2700000,2600000,2600000,2400000,2300000,2400000,2500000,2600000,2600000,2700000,2800000,3000000,2900000,2800000,2700000,..,..,..,..
Number of people who are undernourished,SN.ITK.DEFC,Malaysia,MYS,..,..,1000000,1000000,1100000,1100000,1100000,1000000,900000,800000,800000,900000,1000000,1000000,1000000,900000,800000,800000,700000,700000,600000,..,..,..,..
Number of people who are undernourished,SN.ITK.DEFC,Maldives,MDV,..,..,..,..,..,..,..,..,..,..,..,..,..,..,..,..,..,..,..,..,..,..,..,..,..
Number of people who are undernourished,SN.ITK.DEFC,Mali,MLI,..,..,2000000,1500000,1200000,900000,900000,800000,800000,800000,700000,900000,1100000,1300000,1400000,1600000,1700000,1800000,1800000,1800000,1800000,..,..,..,..
Number of people who are undernourished,SN.ITK.DEFC,Malta,MLT,..,..,..,..,..,..,..,..,..,..,..,..,..,..,..,..,..,..,..,..,..,..,..,..,..
Number of people who are undernourished,SN.ITK.DEFC,Marshall Islands,MHL,..,..,..,..,..,..,..,..,..,..,..,..,..,..,..,..,..,..,..,..,..,..,..,..,..
Number of people who are undernourished,SN.ITK.DEFC,Mauritania,MRT,..,..,400000,400000,400000,400000,300000,300000,300000,300000,300000,300000,200000,200000,300000,300000,300000,300000,200000,200000,200000,..,..,..,..
Number of people who are undernourished,SN.ITK.DEFC,Mauritius,MUS,..,..,100000,100000,100000,100000,100000,100000,100000,100000,100000,100000,100000,100000,100000,100000,100000,100000,100000,100000,100000,..,..,..,..
Number of people who are undernourished,SN.ITK.DEFC,Mexico,MEX,..,..,9200000,7800000,7700000,7100000,6100000,5300000,5100000,5600000,5700000,5700000,5400000,4900000,4500000,4400000,4700000,4800000,4400000,3700000,3300000,..,..,..,..
Number of people who are undernourished,SN.ITK.DEFC,"Micronesia, Fed. Sts.",FSM,..,..,..,..,..,..,..,..,..,..,..,..,..,..,..,..,..,..,..,..,..,..,..,..,..
Number of people who are undernourished,SN.ITK.DEFC,Moldova,MDA,..,..,..,..,..,..,..,..,..,..,..,..,..,..,..,..,..,..,..,..,..,..,..,..,..
Number of people who are undernourished,SN.ITK.DEFC,Monaco,MCO,..,..,..,..,..,..,..,..,..,..,..,..,..,..,..,..,..,..,..,..,..,..,..,..,..
Number of people who are undernourished,SN.ITK.DEFC,Mongolia,MNG,..,..,100000,200000,200000,200000,300000,300000,400000,500000,500000,500000,500000,600000,700000,700000,700000,800000,800000,700000,800000,..,..,..,..
Number of people who are undernourished,SN.ITK.DEFC,Montenegro,MNE,..,..,..,..,..,..,..,..,..,..,..,..,..,..,..,100000,100000,100000,100000,100000,100000,..,..,..,..
Number of people who are undernourished,SN.ITK.DEFC,Morocco,MAR,..,..,1500000,1300000,1300000,1300000,1300000,1400000,1500000,1600000,1700000,1800000,1800000,1800000,1700000,1700000,1700000,1700000,1700000,1700000,1800000,..,..,..,..
Number of people who are undernourished,SN.ITK.DEFC,Mozambique,MOZ,..,..,9500000,9100000,9000000,8800000,8000000,6800000,5700000,5200000,5300000,5700000,5900000,6400000,6500000,6800000,6800000,6800000,6600000,6600000,6700000,..,..,..,..
Number of people who are undernourished,SN.ITK.DEFC,Myanmar,MMR,..,..,4100000,4200000,4300000,4500000,4700000,5100000,5400000,5800000,5800000,6600000,7600000,9200000,10500000,12200000,13600000,14700000,15600000,16600000,17700000,..,..,..,..
Number of people who are undernourished,SN.ITK.DEFC,Namibia,NAM,..,..,500000,500000,500000,500000,500000,500000,600000,700000,700000,700000,700000,600000,500000,400000,400000,300000,300000,300000,200000,..,..,..,..
Number of people who are undernourished,SN.ITK.DEFC,Nauru,NRU,..,..,..,..,..,..,..,..,..,..,..,..,..,..,..,..,..,..,..,..,..,..,..,..,..
Number of people who are undernourished,SN.ITK.DEFC,Nepal,NPL,..,..,1400000,1200000,1200000,1200000,1400000,1700000,1900000,2200000,2500000,2800000,3100000,3500000,3900000,4200000,4300000,4500000,5000000,5400000,5700000,..,..,..,..
Number of people who are undernourished,SN.ITK.DEFC,Netherlands,NLD,..,..,..,..,..,..,..,..,..,..,..,..,..,..,..,..,..,..,..,..,..,..,..,..,..
Number of people who are undernourished,SN.ITK.DEFC,New Caledonia,NCL,..,..,100000,100000,100000,100000,100000,100000,100000,100000,100000,100000,100000,100000,100000,100000,100000,100000,100000,100000,100000,..,..,..,..
Number of people who are undernourished,SN.ITK.DEFC,New Zealand,NZL,..,..,..,..,..,..,..,..,..,..,..,..,..,..,..,..,..,..,..,..,..,..,..,..,..
Number of people who are undernourished,SN.ITK.DEFC,Nicaragua,NIC,..,..,1300000,1200000,1100000,1100000,1200000,1100000,1100000,1100000,1100000,1200000,1200000,1200000,1200000,1200000,1300000,1300000,1300000,1300000,1400000,..,..,..,..
Number of people who are undernourished,SN.ITK.DEFC,Niger,NER,..,..,..,..,..,..,..,..,..,..,..,..,..,..,..,..,..,..,..,..,..,..,..,..,..
Number of people who are undernourished,SN.ITK.DEFC,Nigeria,NGA,..,..,29400000,21000000,19200000,17500000,16600000,16500000,15400000,14700000,13200000,12400000,11200000,10200000,9600000,9600000,9900000,10700000,11300000,11400000,11200000,..,..,..,..
Number of people who are undernourished,SN.ITK.DEFC,North Macedonia,MKD,..,..,100000,..,100000,100000,100000,100000,100000,100000,100000,100000,100000,100000,100000,100000,100000,100000,100000,200000,200000,..,..,..,..
Number of people who are undernourished,SN.ITK.DEFC,Northern Mariana Islands,MNP,..,..,..,..,..,..,..,..,..,..,..,..,..,..,..,..,..,..,..,..,..,..,..,..,..
Number of people who are undernourished,SN.ITK.DEFC,Norway,NOR,..,..,..,..,..,..,..,..,..,..,..,..,..,..,..,..,..,..,..,..,..,..,..,..,..
Number of people who are undernourished,SN.ITK.DEFC,Oman,OMN,..,..,400000,400000,400000,400000,300000,300000,300000,300000,300000,300000,300000,300000,300000,200000,200000,200000,300000,300000,300000,..,..,..,..
Number of people who are undernourished,SN.ITK.DEFC,Pakistan,PAK,..,..,27900000,25800000,25200000,25200000,25500000,27100000,28900000,29700000,29200000,28600000,28000000,27100000,26500000,26800000,28200000,29800000,32100000,32500000,30800000,..,..,..,..
Number of people who are undernourished,SN.ITK.DEFC,Palau,PLW,..,..,..,..,..,..,..,..,..,..,..,..,..,..,..,..,..,..,..,..,..,..,..,..,..
Number of people who are undernourished,SN.ITK.DEFC,Panama,PAN,..,..,300000,300000,300000,300000,300000,300000,300000,300000,400000,400000,500000,500000,600000,600000,700000,700000,700000,600000,800000,..,..,..,..
Number of people who are undernourished,SN.ITK.DEFC,Papua New Guinea,PNG,..,..,2200000,2100000,2100000,2100000,2000000,1900000,1800000,1600000,1600000,1700000,1800000,1900000,1800000,1800000,1800000,1800000,1700000,1600000,1600000,..,..,..,..
Number of people who are undernourished,SN.ITK.DEFC,Paraguay,PRY,..,..,700000,600000,500000,500000,500000,500000,500000,500000,500000,500000,600000,600000,600000,600000,600000,500000,500000,500000,600000,..,..,..,..
Number of people who are undernourished,SN.ITK.DEFC,Peru,PER,..,..,2800000,2500000,2400000,2100000,1800000,1600000,1700000,2000000,2300000,2500000,2800000,3300000,3900000,4400000,5200000,6000000,6300000,6200000,5800000,..,..,..,..
Number of people who are undernourished,SN.ITK.DEFC,Philippines,PHL,..,..,10100000,10300000,11400000,12500000,13600000,13900000,13700000,13300000,13100000,12600000,11800000,11400000,11700000,12300000,12900000,13700000,14200000,15000000,14900000,..,..,..,..
Number of people who are undernourished,SN.ITK.DEFC,Poland,POL,..,..,..,..,..,..,..,..,..,..,..,..,..,..,..,..,..,..,..,..,..,..,..,..,..
Number of people who are undernourished,SN.ITK.DEFC,Portugal,PRT,..,..,..,..,..,..,..,..,..,..,..,..,..,..,..,..,..,..,..,..,..,..,..,..,..
Number of people who are undernourished,SN.ITK.DEFC,Puerto Rico,PRI,..,..,..,..,..,..,..,..,..,..,..,..,..,..,..,..,..,..,..,..,..,..,..,..,..
Number of people who are undernourished,SN.ITK.DEFC,Qatar,QAT,..,..,..,..,..,..,..,..,..,..,..,..,..,..,..,..,..,..,..,..,..,..,..,..,..
Number of people who are undernourished,SN.ITK.DEFC,Romania,ROU,..,..,..,..,..,..,..,..,..,..,..,..,..,..,..,..,..,..,..,..,..,..,..,..,..
Number of people who are undernourished,SN.ITK.DEFC,Russian Federation,RUS,..,..,..,..,..,..,..,..,..,..,..,..,..,..,..,..,..,..,4000000,4800000,5900000,..,..,..,..
Number of people who are undernourished,SN.ITK.DEFC,Rwanda,RWA,..,..,4400000,4200000,4100000,4100000,4000000,3900000,3800000,3600000,3500000,3100000,2900000,2800000,3000000,3000000,3100000,3100000,3000000,3000000,3200000,..,..,..,..
Number of people who are undernourished,SN.ITK.DEFC,Samoa,WSM,..,..,100000,100000,100000,100000,100000,100000,100000,100000,100000,100000,100000,100000,100000,100000,100000,100000,100000,100000,100000,..,..,..,..
Number of people who are undernourished,SN.ITK.DEFC,San Marino,SMR,..,..,..,..,..,..,..,..,..,..,..,..,..,..,..,..,..,..,..,..,..,..,..,..,..
Number of people who are undernourished,SN.ITK.DEFC,Sao Tome and Principe,STP,..,..,100000,100000,100000,100000,100000,100000,100000,100000,100000,100000,100000,100000,100000,100000,100000,100000,100000,100000,100000,..,..,..,..
Number of people who are undernourished,SN.ITK.DEFC,Saudi Arabia,SAU,..,..,1300000,1300000,1200000,1200000,1200000,1300000,1400000,1600000,1500000,1600000,1500000,1400000,1200000,1100000,1100000,1200000,1200000,1100000,1000000,..,..,..,..
Number of people who are undernourished,SN.ITK.DEFC,Senegal,SEN,..,..,1200000,1200000,1200000,1300000,1400000,1600000,1600000,1600000,1500000,1400000,1300000,1300000,1500000,1800000,1900000,2000000,2200000,2300000,2400000,..,..,..,..
Number of people who are undernourished,SN.ITK.DEFC,Serbia,SRB,..,..,300000,300000,400000,400000,400000,300000,300000,200000,200000,..,..,..,..,..,..,..,200000,300000,300000,..,..,..,..
Number of people who are undernourished,SN.ITK.DEFC,Seychelles,SYC,..,..,..,..,..,..,..,..,..,..,..,..,..,..,..,..,..,..,..,..,..,..,..,..,..
Number of people who are undernourished,SN.ITK.DEFC,Sierra Leone,SLE,..,..,2000000,2000000,2000000,1900000,1900000,1800000,1700000,1600000,1600000,1800000,2200000,2500000,2500000,2500000,2600000,2600000,2600000,2500000,2400000,..,..,..,..
Number of people who are undernourished,SN.ITK.DEFC,Singapore,SGP,..,..,..,..,..,..,..,..,..,..,..,..,..,..,..,..,..,..,..,..,..,..,..,..,..
Number of people who are undernourished,SN.ITK.DEFC,Sint Maarten (Dutch part),SXM,..,..,..,..,..,..,..,..,..,..,..,..,..,..,..,..,..,..,..,..,..,..,..,..,..
Number of people who are undernourished,SN.ITK.DEFC,Slovak Republic,SVK,..,..,200000,200000,200000,300000,300000,300000,200000,200000,200000,200000,200000,300000,300000,300000,300000,300000,300000,300000,300000,..,..,..,..
Number of people who are undernourished,SN.ITK.DEFC,Slovenia,SVN,..,..,..,..,..,..,..,..,..,..,..,..,..,..,..,..,..,..,..,..,..,..,..,..,..
Number of people who are undernourished,SN.ITK.DEFC,Solomon Islands,SLB,..,..,100000,100000,100000,100000,100000,100000,100000,100000,100000,100000,100000,100000,100000,100000,100000,100000,100000,100000,100000,..,..,..,..
Number of people who are undernourished,SN.ITK.DEFC,Somalia,SOM,..,..,9200000,8600000,8600000,8200000,8300000,8800000,9300000,10100000,10100000,9100000,7900000,6600000,6500000,6300000,6100000,5900000,5700000,5500000,5300000,..,..,..,..
Number of people who are undernourished,SN.ITK.DEFC,South Africa,ZAF,..,..,3800000,3200000,3100000,3000000,2900000,2600000,2300000,2100000,1900000,1800000,1800000,1800000,1700000,1700000,1600000,1600000,1700000,1700000,1800000,..,..,..,..
Number of people who are undernourished,SN.ITK.DEFC,South Sudan,SSD,..,..,..,..,..,..,..,..,..,..,..,..,..,..,..,..,..,..,..,..,..,..,..,..,..
Number of people who are undernourished,SN.ITK.DEFC,Spain,ESP,..,..,..,..,..,..,..,..,..,..,..,..,..,..,..,..,..,..,..,..,..,..,..,..,..
Number of people who are undernourished,SN.ITK.DEFC,Sri Lanka,LKA,..,..,1400000,1300000,1300000,1300000,1400000,1700000,1900000,2100000,2200000,2300000,2300000,2400000,2500000,2800000,2900000,3000000,3100000,3100000,3200000,..,..,..,..
Number of people who are undernourished,SN.ITK.DEFC,St. Kitts and Nevis,KNA,..,..,..,..,..,..,..,..,..,..,..,..,..,..,..,..,..,..,..,..,..,..,..,..,..
Number of people who are undernourished,SN.ITK.DEFC,St. Lucia,LCA,..,..,..,..,..,..,..,..,..,..,..,..,..,..,..,..,..,..,..,..,..,..,..,..,..
Number of people who are undernourished,SN.ITK.DEFC,St. Martin (French part),MAF,..,..,..,..,..,..,..,..,..,..,..,..,..,..,..,..,..,..,..,..,..,..,..,..,..
Number of people who are undernourished,SN.ITK.DEFC,St. Vincent and the Grenadines,VCT,..,..,100000,100000,100000,100000,100000,100000,100000,100000,100000,100000,100000,100000,100000,100000,100000,100000,100000,100000,100000,..,..,..,..
Number of people who are undernourished,SN.ITK.DEFC,Sudan,SDN,..,..,5300000,5000000,4800000,4700000,4400000,4200000,4300000,4800000,5500000,5700000,5600000,5400000,5400000,5600000,5800000,6000000,5900000,5800000,6000000,..,..,..,..
Number of people who are undernourished,SN.ITK.DEFC,Suriname,SUR,..,..,100000,100000,100000,100000,100000,100000,100000,100000,100000,100000,100000,100000,100000,100000,100000,100000,100000,100000,100000,..,..,..,..
Number of people who are undernourished,SN.ITK.DEFC,Sweden,SWE,..,..,..,..,..,..,..,..,..,..,..,..,..,..,..,..,..,..,..,..,..,..,..,..,..
Number of people who are undernourished,SN.ITK.DEFC,Switzerland,CHE,..,..,..,..,..,..,..,..,..,..,..,..,..,..,..,..,..,..,..,..,..,..,..,..,..
Number of people who are undernourished,SN.ITK.DEFC,Syrian Arab Republic,SYR,..,..,..,..,..,..,..,..,..,..,..,..,..,..,..,..,..,..,..,..,..,..,..,..,..
Number of people who are undernourished,SN.ITK.DEFC,Tajikistan,TJK,..,..,..,..,..,..,..,..,..,..,..,..,..,..,..,..,..,..,..,..,..,..,..,..,..
Number of people who are undernourished,SN.ITK.DEFC,Tanzania,TZA,..,..,14500000,13600000,13200000,12800000,12500000,12600000,12700000,12800000,12800000,13100000,13300000,12800000,12400000,11900000,12100000,12600000,12200000,12100000,11300000,..,..,..,..
Number of people who are undernourished,SN.ITK.DEFC,Thailand,THA,..,..,5700000,5500000,5400000,5100000,5000000,5300000,5600000,6000000,6200000,6700000,6900000,7100000,6700000,7000000,7800000,8900000,9700000,10500000,11000000,..,..,..,..
Number of people who are undernourished,SN.ITK.DEFC,Timor-Leste,TLS,..,..,300000,300000,300000,300000,300000,300000,300000,400000,300000,400000,300000,300000,300000,300000,300000,300000,300000,300000,400000,..,..,..,..
Number of people who are undernourished,SN.ITK.DEFC,Togo,TGO,..,..,1700000,1600000,1600000,1600000,1500000,1500000,1400000,1300000,1300000,1400000,1500000,1600000,1600000,1600000,1600000,1600000,1600000,1600000,1600000,..,..,..,..
Number of people who are undernourished,SN.ITK.DEFC,Tonga,TON,..,..,..,..,..,..,..,..,..,..,..,..,..,..,..,..,..,..,..,..,..,..,..,..,..
Number of people who are undernourished,SN.ITK.DEFC,Trinidad and Tobago,TTO,..,..,100000,100000,100000,100000,100000,100000,100000,100000,100000,100000,100000,100000,100000,100000,100000,100000,100000,100000,100000,..,..,..,..
Number of people who are undernourished,SN.ITK.DEFC,Tunisia,TUN,..,..,300000,300000,..,..,300000,300000,300000,300000,400000,400000,400000,400000,400000,400000,400000,400000,400000,400000,400000,..,..,..,..
Number of people who are undernourished,SN.ITK.DEFC,Turkey,TUR,..,..,..,..,..,..,..,..,..,..,..,..,..,..,..,..,..,..,..,..,..,..,..,..,..
Number of people who are undernourished,SN.ITK.DEFC,Turkmenistan,TKM,..,..,200000,200000,200000,200000,200000,200000,200000,300000,200000,200000,200000,200000,200000,200000,200000,200000,200000,300000,300000,..,..,..,..
Number of people who are undernourished,SN.ITK.DEFC,Turks and Caicos Islands,TCA,..,..,..,..,..,..,..,..,..,..,..,..,..,..,..,..,..,..,..,..,..,..,..,..,..
Number of people who are undernourished,SN.ITK.DEFC,Tuvalu,TUV,..,..,..,..,..,..,..,..,..,..,..,..,..,..,..,..,..,..,..,..,..,..,..,..,..
Number of people who are undernourished,SN.ITK.DEFC,Uganda,UGA,..,..,..,..,..,..,..,..,..,..,..,..,..,..,..,..,..,..,..,..,..,..,..,..,..
Number of people who are undernourished,SN.ITK.DEFC,Ukraine,UKR,..,..,..,..,..,..,..,..,..,..,..,..,..,..,..,..,..,..,..,..,1400000,..,..,..,..
Number of people who are undernourished,SN.ITK.DEFC,United Arab Emirates,ARE,..,..,400000,300000,300000,300000,300000,300000,300000,400000,500000,500000,600000,600000,600000,500000,400000,300000,200000,200000,100000,..,..,..,..
Number of people who are undernourished,SN.ITK.DEFC,United Kingdom,GBR,..,..,..,..,..,..,..,..,..,..,..,..,..,..,..,..,..,..,..,..,..,..,..,..,..
Number of people who are undernourished,SN.ITK.DEFC,United States,USA,..,..,..,..,..,..,..,..,..,..,..,..,..,..,..,..,..,..,..,..,..,..,..,..,..
Number of people who are undernourished,SN.ITK.DEFC,Uruguay,URY,..,..,..,..,..,..,..,..,..,..,..,..,..,100000,100000,100000,100000,100000,100000,100000,100000,..,..,..,..
Number of people who are undernourished,SN.ITK.DEFC,Uzbekistan,UZB,..,..,..,..,..,..,..,..,..,..,..,1600000,2400000,3100000,3100000,3400000,3900000,4400000,4800000,4900000,4500000,..,..,..,..
Number of people who are undernourished,SN.ITK.DEFC,Vanuatu,VUT,..,..,100000,100000,100000,100000,100000,100000,100000,100000,100000,100000,100000,100000,100000,100000,100000,100000,100000,100000,100000,..,..,..,..
Number of people who are undernourished,SN.ITK.DEFC,"Venezuela, RB",VEN,..,..,7800000,6800000,6500000,4900000,3400000,1500000,1000000,900000,..,..,..,800000,1300000,1900000,2200000,2600000,3700000,3800000,3700000,..,..,..,..
Number of people who are undernourished,SN.ITK.DEFC,Vietnam,VNM,..,..,6500000,6500000,6800000,7300000,7500000,7800000,7900000,8400000,8900000,9700000,10300000,11100000,12100000,12900000,13000000,13000000,13400000,14700000,15900000,..,..,..,..
Number of people who are undernourished,SN.ITK.DEFC,Virgin Islands (U.S.),VIR,..,..,..,..,..,..,..,..,..,..,..,..,..,..,..,..,..,..,..,..,..,..,..,..,..
Number of people who are undernourished,SN.ITK.DEFC,West Bank and Gaza,PSE,..,..,..,..,..,..,..,..,..,..,..,..,..,..,..,..,..,..,..,..,..,..,..,..,..
Number of people who are undernourished,SN.ITK.DEFC,"Yemen, Rep.",YEM,..,..,13200000,12900000,13000000,12500000,11500000,10000000,8600000,8200000,6600000,6100000,5300000,5700000,5600000,5500000,5600000,5500000,5300000,5100000,4800000,..,..,..,..
Number of people who are undernourished,SN.ITK.DEFC,Zambia,ZMB,..,..,..,..,..,..,..,..,..,..,..,..,..,..,..,..,..,..,..,..,..,..,..,..,..
Number of people who are undernourished,SN.ITK.DEFC,Zimbabwe,ZWE,..,..,..,..,..,..,..,..,..,..,..,..,..,..,..,..,..,..,..,..,..,..,..,..,..
,,,,,,,,,,,,,,,,,,,,,,,,,,,,
,,,,,,,,,,,,,,,,,,,,,,,,,,,,
,,,,,,,,,,,,,,,,,,,,,,,,,,,,
Data from database: Health Nutrition and Population Statistics,,,,,,,,,,,,,,,,,,,,,,,,,,,,
Last Updated: 12/17/2021,,,,,,,,,,,,,,,,,,,,,,,,,,,,
