Domain Code,Domain,Area Code (FAO),Area,Element Code,Element,Item Code (FAO),Item,Year Code,Year,Unit,Value,Flag,Flag Description
"QCL","Crops and livestock products","5000","World","5111","Stocks","1107","Asses","2001","2001","Head","41903649","A","Aggregate, may include official, semi-official, estimated or calculated data"
"QCL","Crops and livestock products","5000","World","5111","Stocks","1107","Asses","2002","2002","Head","42489450","A","Aggregate, may include official, semi-official, estimated or calculated data"
"QCL","Crops and livestock products","5000","World","5111","Stocks","1107","Asses","2003","2003","Head","42303649","A","Aggregate, may include official, semi-official, estimated or calculated data"
"QCL","Crops and livestock products","5000","World","5111","Stocks","1107","Asses","2004","2004","Head","42222006","A","Aggregate, may include official, semi-official, estimated or calculated data"
"QCL","Crops and livestock products","5000","World","5111","Stocks","1107","Asses","2005","2005","Head","42195531","A","Aggregate, may include official, semi-official, estimated or calculated data"
"QCL","Crops and livestock products","5000","World","5111","Stocks","1107","Asses","2006","2006","Head","42506731","A","Aggregate, may include official, semi-official, estimated or calculated data"
"QCL","Crops and livestock products","5000","World","5111","Stocks","1107","Asses","2007","2007","Head","42619969","A","Aggregate, may include official, semi-official, estimated or calculated data"
"QCL","Crops and livestock products","5000","World","5111","Stocks","1107","Asses","2008","2008","Head","41698885","A","Aggregate, may include official, semi-official, estimated or calculated data"
"QCL","Crops and livestock products","5000","World","5111","Stocks","1107","Asses","2009","2009","Head","40489967","A","Aggregate, may include official, semi-official, estimated or calculated data"
"QCL","Crops and livestock products","5000","World","5111","Stocks","1107","Asses","2010","2010","Head","40123392","A","Aggregate, may include official, semi-official, estimated or calculated data"
"QCL","Crops and livestock products","5000","World","5111","Stocks","1107","Asses","2011","2011","Head","40272954","A","Aggregate, may include official, semi-official, estimated or calculated data"
"QCL","Crops and livestock products","5000","World","5111","Stocks","1107","Asses","2012","2012","Head","47350696","A","Aggregate, may include official, semi-official, estimated or calculated data"
"QCL","Crops and livestock products","5000","World","5111","Stocks","1107","Asses","2013","2013","Head","47355644","A","Aggregate, may include official, semi-official, estimated or calculated data"
"QCL","Crops and livestock products","5000","World","5111","Stocks","1107","Asses","2014","2014","Head","47771111","A","Aggregate, may include official, semi-official, estimated or calculated data"
"QCL","Crops and livestock products","5000","World","5111","Stocks","1107","Asses","2015","2015","Head","50402033","A","Aggregate, may include official, semi-official, estimated or calculated data"
"QCL","Crops and livestock products","5000","World","5111","Stocks","1107","Asses","2016","2016","Head","50851066","A","Aggregate, may include official, semi-official, estimated or calculated data"
"QCL","Crops and livestock products","5000","World","5111","Stocks","1107","Asses","2017","2017","Head","50559414","A","Aggregate, may include official, semi-official, estimated or calculated data"
"QCL","Crops and livestock products","5000","World","5111","Stocks","1107","Asses","2018","2018","Head","51058366","A","Aggregate, may include official, semi-official, estimated or calculated data"
"QCL","Crops and livestock products","5000","World","5111","Stocks","1107","Asses","2019","2019","Head","52285920","A","Aggregate, may include official, semi-official, estimated or calculated data"
"QCL","Crops and livestock products","5000","World","5111","Stocks","1107","Asses","2020","2020","Head","52961925","A","Aggregate, may include official, semi-official, estimated or calculated data"
"QCL","Crops and livestock products","5000","World","5114","Stocks","1181","Beehives","2001","2001","No","70391755","A","Aggregate, may include official, semi-official, estimated or calculated data"
"QCL","Crops and livestock products","5000","World","5114","Stocks","1181","Beehives","2002","2002","No","71827251","A","Aggregate, may include official, semi-official, estimated or calculated data"
"QCL","Crops and livestock products","5000","World","5114","Stocks","1181","Beehives","2003","2003","No","72007326","A","Aggregate, may include official, semi-official, estimated or calculated data"
"QCL","Crops and livestock products","5000","World","5114","Stocks","1181","Beehives","2004","2004","No","72971651","A","Aggregate, may include official, semi-official, estimated or calculated data"
"QCL","Crops and livestock products","5000","World","5114","Stocks","1181","Beehives","2005","2005","No","74274589","A","Aggregate, may include official, semi-official, estimated or calculated data"
"QCL","Crops and livestock products","5000","World","5114","Stocks","1181","Beehives","2006","2006","No","75515692","A","Aggregate, may include official, semi-official, estimated or calculated data"
"QCL","Crops and livestock products","5000","World","5114","Stocks","1181","Beehives","2007","2007","No","74964409","A","Aggregate, may include official, semi-official, estimated or calculated data"
"QCL","Crops and livestock products","5000","World","5114","Stocks","1181","Beehives","2008","2008","No","76117024","A","Aggregate, may include official, semi-official, estimated or calculated data"
"QCL","Crops and livestock products","5000","World","5114","Stocks","1181","Beehives","2009","2009","No","77092239","A","Aggregate, may include official, semi-official, estimated or calculated data"
"QCL","Crops and livestock products","5000","World","5114","Stocks","1181","Beehives","2010","2010","No","79680699","A","Aggregate, may include official, semi-official, estimated or calculated data"
"QCL","Crops and livestock products","5000","World","5114","Stocks","1181","Beehives","2011","2011","No","80400880","A","Aggregate, may include official, semi-official, estimated or calculated data"
"QCL","Crops and livestock products","5000","World","5114","Stocks","1181","Beehives","2012","2012","No","83055690","A","Aggregate, may include official, semi-official, estimated or calculated data"
"QCL","Crops and livestock products","5000","World","5114","Stocks","1181","Beehives","2013","2013","No","84851932","A","Aggregate, may include official, semi-official, estimated or calculated data"
"QCL","Crops and livestock products","5000","World","5114","Stocks","1181","Beehives","2014","2014","No","87417595","A","Aggregate, may include official, semi-official, estimated or calculated data"
"QCL","Crops and livestock products","5000","World","5114","Stocks","1181","Beehives","2015","2015","No","89226826","A","Aggregate, may include official, semi-official, estimated or calculated data"
"QCL","Crops and livestock products","5000","World","5114","Stocks","1181","Beehives","2016","2016","No","90183346","A","Aggregate, may include official, semi-official, estimated or calculated data"
"QCL","Crops and livestock products","5000","World","5114","Stocks","1181","Beehives","2017","2017","No","91827594","A","Aggregate, may include official, semi-official, estimated or calculated data"
"QCL","Crops and livestock products","5000","World","5114","Stocks","1181","Beehives","2018","2018","No","93676742","A","Aggregate, may include official, semi-official, estimated or calculated data"
"QCL","Crops and livestock products","5000","World","5114","Stocks","1181","Beehives","2019","2019","No","93495376","A","Aggregate, may include official, semi-official, estimated or calculated data"
"QCL","Crops and livestock products","5000","World","5114","Stocks","1181","Beehives","2020","2020","No","93999656","A","Aggregate, may include official, semi-official, estimated or calculated data"
"QCL","Crops and livestock products","5000","World","5111","Stocks","946","Buffaloes","2001","2001","Head","166280333","A","Aggregate, may include official, semi-official, estimated or calculated data"
"QCL","Crops and livestock products","5000","World","5111","Stocks","946","Buffaloes","2002","2002","Head","168745134","A","Aggregate, may include official, semi-official, estimated or calculated data"
"QCL","Crops and livestock products","5000","World","5111","Stocks","946","Buffaloes","2003","2003","Head","171513784","A","Aggregate, may include official, semi-official, estimated or calculated data"
"QCL","Crops and livestock products","5000","World","5111","Stocks","946","Buffaloes","2004","2004","Head","174014534","A","Aggregate, may include official, semi-official, estimated or calculated data"
"QCL","Crops and livestock products","5000","World","5111","Stocks","946","Buffaloes","2005","2005","Head","177006343","A","Aggregate, may include official, semi-official, estimated or calculated data"
"QCL","Crops and livestock products","5000","World","5111","Stocks","946","Buffaloes","2006","2006","Head","180607366","A","Aggregate, may include official, semi-official, estimated or calculated data"
"QCL","Crops and livestock products","5000","World","5111","Stocks","946","Buffaloes","2007","2007","Head","184069033","A","Aggregate, may include official, semi-official, estimated or calculated data"
"QCL","Crops and livestock products","5000","World","5111","Stocks","946","Buffaloes","2008","2008","Head","185741188","A","Aggregate, may include official, semi-official, estimated or calculated data"
"QCL","Crops and livestock products","5000","World","5111","Stocks","946","Buffaloes","2009","2009","Head","194135166","A","Aggregate, may include official, semi-official, estimated or calculated data"
"QCL","Crops and livestock products","5000","World","5111","Stocks","946","Buffaloes","2010","2010","Head","194034343","A","Aggregate, may include official, semi-official, estimated or calculated data"
"QCL","Crops and livestock products","5000","World","5111","Stocks","946","Buffaloes","2011","2011","Head","195181279","A","Aggregate, may include official, semi-official, estimated or calculated data"
"QCL","Crops and livestock products","5000","World","5111","Stocks","946","Buffaloes","2012","2012","Head","196409774","A","Aggregate, may include official, semi-official, estimated or calculated data"
"QCL","Crops and livestock products","5000","World","5111","Stocks","946","Buffaloes","2013","2013","Head","196776730","A","Aggregate, may include official, semi-official, estimated or calculated data"
"QCL","Crops and livestock products","5000","World","5111","Stocks","946","Buffaloes","2014","2014","Head","198288978","A","Aggregate, may include official, semi-official, estimated or calculated data"
"QCL","Crops and livestock products","5000","World","5111","Stocks","946","Buffaloes","2015","2015","Head","199650185","A","Aggregate, may include official, semi-official, estimated or calculated data"
"QCL","Crops and livestock products","5000","World","5111","Stocks","946","Buffaloes","2016","2016","Head","200904517","A","Aggregate, may include official, semi-official, estimated or calculated data"
"QCL","Crops and livestock products","5000","World","5111","Stocks","946","Buffaloes","2017","2017","Head","201282401","A","Aggregate, may include official, semi-official, estimated or calculated data"
"QCL","Crops and livestock products","5000","World","5111","Stocks","946","Buffaloes","2018","2018","Head","202813970","A","Aggregate, may include official, semi-official, estimated or calculated data"
"QCL","Crops and livestock products","5000","World","5111","Stocks","946","Buffaloes","2019","2019","Head","202454780","A","Aggregate, may include official, semi-official, estimated or calculated data"
"QCL","Crops and livestock products","5000","World","5111","Stocks","946","Buffaloes","2020","2020","Head","203532944","A","Aggregate, may include official, semi-official, estimated or calculated data"
"QCL","Crops and livestock products","5000","World","5111","Stocks","1157","Camelids, other","2001","2001","Head","6245494","A","Aggregate, may include official, semi-official, estimated or calculated data"
"QCL","Crops and livestock products","5000","World","5111","Stocks","1157","Camelids, other","2002","2002","Head","6541385","A","Aggregate, may include official, semi-official, estimated or calculated data"
"QCL","Crops and livestock products","5000","World","5111","Stocks","1157","Camelids, other","2003","2003","Head","6639860","A","Aggregate, may include official, semi-official, estimated or calculated data"
"QCL","Crops and livestock products","5000","World","5111","Stocks","1157","Camelids, other","2004","2004","Head","6724764","A","Aggregate, may include official, semi-official, estimated or calculated data"
"QCL","Crops and livestock products","5000","World","5111","Stocks","1157","Camelids, other","2005","2005","Head","7252177","A","Aggregate, may include official, semi-official, estimated or calculated data"
"QCL","Crops and livestock products","5000","World","5111","Stocks","1157","Camelids, other","2006","2006","Head","7327884","A","Aggregate, may include official, semi-official, estimated or calculated data"
"QCL","Crops and livestock products","5000","World","5111","Stocks","1157","Camelids, other","2007","2007","Head","7468220","A","Aggregate, may include official, semi-official, estimated or calculated data"
"QCL","Crops and livestock products","5000","World","5111","Stocks","1157","Camelids, other","2008","2008","Head","7550043","A","Aggregate, may include official, semi-official, estimated or calculated data"
"QCL","Crops and livestock products","5000","World","5111","Stocks","1157","Camelids, other","2009","2009","Head","8186207","A","Aggregate, may include official, semi-official, estimated or calculated data"
"QCL","Crops and livestock products","5000","World","5111","Stocks","1157","Camelids, other","2010","2010","Head","8072090","A","Aggregate, may include official, semi-official, estimated or calculated data"
"QCL","Crops and livestock products","5000","World","5111","Stocks","1157","Camelids, other","2011","2011","Head","8626757","A","Aggregate, may include official, semi-official, estimated or calculated data"
"QCL","Crops and livestock products","5000","World","5111","Stocks","1157","Camelids, other","2012","2012","Head","8756914","A","Aggregate, may include official, semi-official, estimated or calculated data"
"QCL","Crops and livestock products","5000","World","5111","Stocks","1157","Camelids, other","2013","2013","Head","8837069","A","Aggregate, may include official, semi-official, estimated or calculated data"
"QCL","Crops and livestock products","5000","World","5111","Stocks","1157","Camelids, other","2014","2014","Head","8894140","A","Aggregate, may include official, semi-official, estimated or calculated data"
"QCL","Crops and livestock products","5000","World","5111","Stocks","1157","Camelids, other","2015","2015","Head","8865476","A","Aggregate, may include official, semi-official, estimated or calculated data"
"QCL","Crops and livestock products","5000","World","5111","Stocks","1157","Camelids, other","2016","2016","Head","8902207","A","Aggregate, may include official, semi-official, estimated or calculated data"
"QCL","Crops and livestock products","5000","World","5111","Stocks","1157","Camelids, other","2017","2017","Head","8947377","A","Aggregate, may include official, semi-official, estimated or calculated data"
"QCL","Crops and livestock products","5000","World","5111","Stocks","1157","Camelids, other","2018","2018","Head","8801937","A","Aggregate, may include official, semi-official, estimated or calculated data"
"QCL","Crops and livestock products","5000","World","5111","Stocks","1157","Camelids, other","2019","2019","Head","8883656","A","Aggregate, may include official, semi-official, estimated or calculated data"
"QCL","Crops and livestock products","5000","World","5111","Stocks","1157","Camelids, other","2020","2020","Head","8972852","A","Aggregate, may include official, semi-official, estimated or calculated data"
"QCL","Crops and livestock products","5000","World","5111","Stocks","1126","Camels","2001","2001","Head","22352432","A","Aggregate, may include official, semi-official, estimated or calculated data"
"QCL","Crops and livestock products","5000","World","5111","Stocks","1126","Camels","2002","2002","Head","22858060","A","Aggregate, may include official, semi-official, estimated or calculated data"
"QCL","Crops and livestock products","5000","World","5111","Stocks","1126","Camels","2003","2003","Head","23503877","A","Aggregate, may include official, semi-official, estimated or calculated data"
"QCL","Crops and livestock products","5000","World","5111","Stocks","1126","Camels","2004","2004","Head","24462244","A","Aggregate, may include official, semi-official, estimated or calculated data"
"QCL","Crops and livestock products","5000","World","5111","Stocks","1126","Camels","2005","2005","Head","24851473","A","Aggregate, may include official, semi-official, estimated or calculated data"
"QCL","Crops and livestock products","5000","World","5111","Stocks","1126","Camels","2006","2006","Head","25138180","A","Aggregate, may include official, semi-official, estimated or calculated data"
"QCL","Crops and livestock products","5000","World","5111","Stocks","1126","Camels","2007","2007","Head","27924280","A","Aggregate, may include official, semi-official, estimated or calculated data"
"QCL","Crops and livestock products","5000","World","5111","Stocks","1126","Camels","2008","2008","Head","29159336","A","Aggregate, may include official, semi-official, estimated or calculated data"
"QCL","Crops and livestock products","5000","World","5111","Stocks","1126","Camels","2009","2009","Head","28999683","A","Aggregate, may include official, semi-official, estimated or calculated data"
"QCL","Crops and livestock products","5000","World","5111","Stocks","1126","Camels","2010","2010","Head","29671490","A","Aggregate, may include official, semi-official, estimated or calculated data"
"QCL","Crops and livestock products","5000","World","5111","Stocks","1126","Camels","2011","2011","Head","30178726","A","Aggregate, may include official, semi-official, estimated or calculated data"
"QCL","Crops and livestock products","5000","World","5111","Stocks","1126","Camels","2012","2012","Head","30468768","A","Aggregate, may include official, semi-official, estimated or calculated data"
"QCL","Crops and livestock products","5000","World","5111","Stocks","1126","Camels","2013","2013","Head","31311625","A","Aggregate, may include official, semi-official, estimated or calculated data"
"QCL","Crops and livestock products","5000","World","5111","Stocks","1126","Camels","2014","2014","Head","32124803","A","Aggregate, may include official, semi-official, estimated or calculated data"
"QCL","Crops and livestock products","5000","World","5111","Stocks","1126","Camels","2015","2015","Head","32981414","A","Aggregate, may include official, semi-official, estimated or calculated data"
"QCL","Crops and livestock products","5000","World","5111","Stocks","1126","Camels","2016","2016","Head","33866555","A","Aggregate, may include official, semi-official, estimated or calculated data"
"QCL","Crops and livestock products","5000","World","5111","Stocks","1126","Camels","2017","2017","Head","34971120","A","Aggregate, may include official, semi-official, estimated or calculated data"
"QCL","Crops and livestock products","5000","World","5111","Stocks","1126","Camels","2018","2018","Head","35871027","A","Aggregate, may include official, semi-official, estimated or calculated data"
"QCL","Crops and livestock products","5000","World","5111","Stocks","1126","Camels","2019","2019","Head","38156315","A","Aggregate, may include official, semi-official, estimated or calculated data"
"QCL","Crops and livestock products","5000","World","5111","Stocks","1126","Camels","2020","2020","Head","38654378","A","Aggregate, may include official, semi-official, estimated or calculated data"
"QCL","Crops and livestock products","5000","World","5111","Stocks","866","Cattle","2001","2001","Head","1320857716","A","Aggregate, may include official, semi-official, estimated or calculated data"
"QCL","Crops and livestock products","5000","World","5111","Stocks","866","Cattle","2002","2002","Head","1332940925","A","Aggregate, may include official, semi-official, estimated or calculated data"
"QCL","Crops and livestock products","5000","World","5111","Stocks","866","Cattle","2003","2003","Head","1346093270","A","Aggregate, may include official, semi-official, estimated or calculated data"
"QCL","Crops and livestock products","5000","World","5111","Stocks","866","Cattle","2004","2004","Head","1360241190","A","Aggregate, may include official, semi-official, estimated or calculated data"
"QCL","Crops and livestock products","5000","World","5111","Stocks","866","Cattle","2005","2005","Head","1375230868","A","Aggregate, may include official, semi-official, estimated or calculated data"
"QCL","Crops and livestock products","5000","World","5111","Stocks","866","Cattle","2006","2006","Head","1391751482","A","Aggregate, may include official, semi-official, estimated or calculated data"
"QCL","Crops and livestock products","5000","World","5111","Stocks","866","Cattle","2007","2007","Head","1402736133","A","Aggregate, may include official, semi-official, estimated or calculated data"
"QCL","Crops and livestock products","5000","World","5111","Stocks","866","Cattle","2008","2008","Head","1415367941","A","Aggregate, may include official, semi-official, estimated or calculated data"
"QCL","Crops and livestock products","5000","World","5111","Stocks","866","Cattle","2009","2009","Head","1410030351","A","Aggregate, may include official, semi-official, estimated or calculated data"
"QCL","Crops and livestock products","5000","World","5111","Stocks","866","Cattle","2010","2010","Head","1411583223","A","Aggregate, may include official, semi-official, estimated or calculated data"
"QCL","Crops and livestock products","5000","World","5111","Stocks","866","Cattle","2011","2011","Head","1415820720","A","Aggregate, may include official, semi-official, estimated or calculated data"
"QCL","Crops and livestock products","5000","World","5111","Stocks","866","Cattle","2012","2012","Head","1427257421","A","Aggregate, may include official, semi-official, estimated or calculated data"
"QCL","Crops and livestock products","5000","World","5111","Stocks","866","Cattle","2013","2013","Head","1431886790","A","Aggregate, may include official, semi-official, estimated or calculated data"
"QCL","Crops and livestock products","5000","World","5111","Stocks","866","Cattle","2014","2014","Head","1439387463","A","Aggregate, may include official, semi-official, estimated or calculated data"
"QCL","Crops and livestock products","5000","World","5111","Stocks","866","Cattle","2015","2015","Head","1451963866","A","Aggregate, may include official, semi-official, estimated or calculated data"
"QCL","Crops and livestock products","5000","World","5111","Stocks","866","Cattle","2016","2016","Head","1470385681","A","Aggregate, may include official, semi-official, estimated or calculated data"
"QCL","Crops and livestock products","5000","World","5111","Stocks","866","Cattle","2017","2017","Head","1477057966","A","Aggregate, may include official, semi-official, estimated or calculated data"
"QCL","Crops and livestock products","5000","World","5111","Stocks","866","Cattle","2018","2018","Head","1493931621","A","Aggregate, may include official, semi-official, estimated or calculated data"
"QCL","Crops and livestock products","5000","World","5111","Stocks","866","Cattle","2019","2019","Head","1511107043","A","Aggregate, may include official, semi-official, estimated or calculated data"
"QCL","Crops and livestock products","5000","World","5111","Stocks","866","Cattle","2020","2020","Head","1525939479","A","Aggregate, may include official, semi-official, estimated or calculated data"
"QCL","Crops and livestock products","5000","World","5112","Stocks","1057","Chickens","2001","2001","1000 Head","14953744","A","Aggregate, may include official, semi-official, estimated or calculated data"
"QCL","Crops and livestock products","5000","World","5112","Stocks","1057","Chickens","2002","2002","1000 Head","16118298","A","Aggregate, may include official, semi-official, estimated or calculated data"
"QCL","Crops and livestock products","5000","World","5112","Stocks","1057","Chickens","2003","2003","1000 Head","16178161","A","Aggregate, may include official, semi-official, estimated or calculated data"
"QCL","Crops and livestock products","5000","World","5112","Stocks","1057","Chickens","2004","2004","1000 Head","16741526","A","Aggregate, may include official, semi-official, estimated or calculated data"
"QCL","Crops and livestock products","5000","World","5112","Stocks","1057","Chickens","2005","2005","1000 Head","17222391","A","Aggregate, may include official, semi-official, estimated or calculated data"
"QCL","Crops and livestock products","5000","World","5112","Stocks","1057","Chickens","2006","2006","1000 Head","17591576","A","Aggregate, may include official, semi-official, estimated or calculated data"
"QCL","Crops and livestock products","5000","World","5112","Stocks","1057","Chickens","2007","2007","1000 Head","18284751","A","Aggregate, may include official, semi-official, estimated or calculated data"
"QCL","Crops and livestock products","5000","World","5112","Stocks","1057","Chickens","2008","2008","1000 Head","25947591","A","Aggregate, may include official, semi-official, estimated or calculated data"
"QCL","Crops and livestock products","5000","World","5112","Stocks","1057","Chickens","2009","2009","1000 Head","26328590","A","Aggregate, may include official, semi-official, estimated or calculated data"
"QCL","Crops and livestock products","5000","World","5112","Stocks","1057","Chickens","2010","2010","1000 Head","26895629","A","Aggregate, may include official, semi-official, estimated or calculated data"
"QCL","Crops and livestock products","5000","World","5112","Stocks","1057","Chickens","2011","2011","1000 Head","26609315","A","Aggregate, may include official, semi-official, estimated or calculated data"
"QCL","Crops and livestock products","5000","World","5112","Stocks","1057","Chickens","2012","2012","1000 Head","27005959","A","Aggregate, may include official, semi-official, estimated or calculated data"
"QCL","Crops and livestock products","5000","World","5112","Stocks","1057","Chickens","2013","2013","1000 Head","27524274","A","Aggregate, may include official, semi-official, estimated or calculated data"
"QCL","Crops and livestock products","5000","World","5112","Stocks","1057","Chickens","2014","2014","1000 Head","27738034","A","Aggregate, may include official, semi-official, estimated or calculated data"
"QCL","Crops and livestock products","5000","World","5112","Stocks","1057","Chickens","2015","2015","1000 Head","28544700","A","Aggregate, may include official, semi-official, estimated or calculated data"
"QCL","Crops and livestock products","5000","World","5112","Stocks","1057","Chickens","2016","2016","1000 Head","29536750","A","Aggregate, may include official, semi-official, estimated or calculated data"
"QCL","Crops and livestock products","5000","World","5112","Stocks","1057","Chickens","2017","2017","1000 Head","31964408","A","Aggregate, may include official, semi-official, estimated or calculated data"
"QCL","Crops and livestock products","5000","World","5112","Stocks","1057","Chickens","2018","2018","1000 Head","32613107","A","Aggregate, may include official, semi-official, estimated or calculated data"
"QCL","Crops and livestock products","5000","World","5112","Stocks","1057","Chickens","2019","2019","1000 Head","33235543","A","Aggregate, may include official, semi-official, estimated or calculated data"
"QCL","Crops and livestock products","5000","World","5112","Stocks","1057","Chickens","2020","2020","1000 Head","33097116","A","Aggregate, may include official, semi-official, estimated or calculated data"
"QCL","Crops and livestock products","5000","World","5112","Stocks","1068","Ducks","2001","2001","1000 Head","973932","A","Aggregate, may include official, semi-official, estimated or calculated data"
"QCL","Crops and livestock products","5000","World","5112","Stocks","1068","Ducks","2002","2002","1000 Head","1048587","A","Aggregate, may include official, semi-official, estimated or calculated data"
"QCL","Crops and livestock products","5000","World","5112","Stocks","1068","Ducks","2003","2003","1000 Head","1020401","A","Aggregate, may include official, semi-official, estimated or calculated data"
"QCL","Crops and livestock products","5000","World","5112","Stocks","1068","Ducks","2004","2004","1000 Head","1048722","A","Aggregate, may include official, semi-official, estimated or calculated data"
"QCL","Crops and livestock products","5000","World","5112","Stocks","1068","Ducks","2005","2005","1000 Head","1082790","A","Aggregate, may include official, semi-official, estimated or calculated data"
"QCL","Crops and livestock products","5000","World","5112","Stocks","1068","Ducks","2006","2006","1000 Head","1101744","A","Aggregate, may include official, semi-official, estimated or calculated data"
"QCL","Crops and livestock products","5000","World","5112","Stocks","1068","Ducks","2007","2007","1000 Head","1063950","A","Aggregate, may include official, semi-official, estimated or calculated data"
"QCL","Crops and livestock products","5000","World","5112","Stocks","1068","Ducks","2008","2008","1000 Head","1119639","A","Aggregate, may include official, semi-official, estimated or calculated data"
"QCL","Crops and livestock products","5000","World","5112","Stocks","1068","Ducks","2009","2009","1000 Head","1132937","A","Aggregate, may include official, semi-official, estimated or calculated data"
"QCL","Crops and livestock products","5000","World","5112","Stocks","1068","Ducks","2010","2010","1000 Head","1195215","A","Aggregate, may include official, semi-official, estimated or calculated data"
"QCL","Crops and livestock products","5000","World","5112","Stocks","1068","Ducks","2011","2011","1000 Head","1103773","A","Aggregate, may include official, semi-official, estimated or calculated data"
"QCL","Crops and livestock products","5000","World","5112","Stocks","1068","Ducks","2012","2012","1000 Head","1127718","A","Aggregate, may include official, semi-official, estimated or calculated data"
"QCL","Crops and livestock products","5000","World","5112","Stocks","1068","Ducks","2013","2013","1000 Head","1109159","A","Aggregate, may include official, semi-official, estimated or calculated data"
"QCL","Crops and livestock products","5000","World","5112","Stocks","1068","Ducks","2014","2014","1000 Head","1075120","A","Aggregate, may include official, semi-official, estimated or calculated data"
"QCL","Crops and livestock products","5000","World","5112","Stocks","1068","Ducks","2015","2015","1000 Head","1109014","A","Aggregate, may include official, semi-official, estimated or calculated data"
"QCL","Crops and livestock products","5000","World","5112","Stocks","1068","Ducks","2016","2016","1000 Head","1126274","A","Aggregate, may include official, semi-official, estimated or calculated data"
"QCL","Crops and livestock products","5000","World","5112","Stocks","1068","Ducks","2017","2017","1000 Head","1173260","A","Aggregate, may include official, semi-official, estimated or calculated data"
"QCL","Crops and livestock products","5000","World","5112","Stocks","1068","Ducks","2018","2018","1000 Head","1179150","A","Aggregate, may include official, semi-official, estimated or calculated data"
"QCL","Crops and livestock products","5000","World","5112","Stocks","1068","Ducks","2019","2019","1000 Head","1191093","A","Aggregate, may include official, semi-official, estimated or calculated data"
"QCL","Crops and livestock products","5000","World","5112","Stocks","1068","Ducks","2020","2020","1000 Head","1154933","A","Aggregate, may include official, semi-official, estimated or calculated data"
"QCL","Crops and livestock products","5000","World","5112","Stocks","1072","Geese and guinea fowls","2001","2001","1000 Head","251114","A","Aggregate, may include official, semi-official, estimated or calculated data"
"QCL","Crops and livestock products","5000","World","5112","Stocks","1072","Geese and guinea fowls","2002","2002","1000 Head","286147","A","Aggregate, may include official, semi-official, estimated or calculated data"
"QCL","Crops and livestock products","5000","World","5112","Stocks","1072","Geese and guinea fowls","2003","2003","1000 Head","286051","A","Aggregate, may include official, semi-official, estimated or calculated data"
"QCL","Crops and livestock products","5000","World","5112","Stocks","1072","Geese and guinea fowls","2004","2004","1000 Head","314266","A","Aggregate, may include official, semi-official, estimated or calculated data"
"QCL","Crops and livestock products","5000","World","5112","Stocks","1072","Geese and guinea fowls","2005","2005","1000 Head","326392","A","Aggregate, may include official, semi-official, estimated or calculated data"
"QCL","Crops and livestock products","5000","World","5112","Stocks","1072","Geese and guinea fowls","2006","2006","1000 Head","337214","A","Aggregate, may include official, semi-official, estimated or calculated data"
"QCL","Crops and livestock products","5000","World","5112","Stocks","1072","Geese and guinea fowls","2007","2007","1000 Head","306738","A","Aggregate, may include official, semi-official, estimated or calculated data"
"QCL","Crops and livestock products","5000","World","5112","Stocks","1072","Geese and guinea fowls","2008","2008","1000 Head","354511","A","Aggregate, may include official, semi-official, estimated or calculated data"
"QCL","Crops and livestock products","5000","World","5112","Stocks","1072","Geese and guinea fowls","2009","2009","1000 Head","371298","A","Aggregate, may include official, semi-official, estimated or calculated data"
"QCL","Crops and livestock products","5000","World","5112","Stocks","1072","Geese and guinea fowls","2010","2010","1000 Head","390835","A","Aggregate, may include official, semi-official, estimated or calculated data"
"QCL","Crops and livestock products","5000","World","5112","Stocks","1072","Geese and guinea fowls","2011","2011","1000 Head","340087","A","Aggregate, may include official, semi-official, estimated or calculated data"
"QCL","Crops and livestock products","5000","World","5112","Stocks","1072","Geese and guinea fowls","2012","2012","1000 Head","351599","A","Aggregate, may include official, semi-official, estimated or calculated data"
"QCL","Crops and livestock products","5000","World","5112","Stocks","1072","Geese and guinea fowls","2013","2013","1000 Head","347465","A","Aggregate, may include official, semi-official, estimated or calculated data"
"QCL","Crops and livestock products","5000","World","5112","Stocks","1072","Geese and guinea fowls","2014","2014","1000 Head","338662","A","Aggregate, may include official, semi-official, estimated or calculated data"
"QCL","Crops and livestock products","5000","World","5112","Stocks","1072","Geese and guinea fowls","2015","2015","1000 Head","351413","A","Aggregate, may include official, semi-official, estimated or calculated data"
"QCL","Crops and livestock products","5000","World","5112","Stocks","1072","Geese and guinea fowls","2016","2016","1000 Head","351204","A","Aggregate, may include official, semi-official, estimated or calculated data"
"QCL","Crops and livestock products","5000","World","5112","Stocks","1072","Geese and guinea fowls","2017","2017","1000 Head","362059","A","Aggregate, may include official, semi-official, estimated or calculated data"
"QCL","Crops and livestock products","5000","World","5112","Stocks","1072","Geese and guinea fowls","2018","2018","1000 Head","358387","A","Aggregate, may include official, semi-official, estimated or calculated data"
"QCL","Crops and livestock products","5000","World","5112","Stocks","1072","Geese and guinea fowls","2019","2019","1000 Head","361114","A","Aggregate, may include official, semi-official, estimated or calculated data"
"QCL","Crops and livestock products","5000","World","5112","Stocks","1072","Geese and guinea fowls","2020","2020","1000 Head","364004","A","Aggregate, may include official, semi-official, estimated or calculated data"
"QCL","Crops and livestock products","5000","World","5111","Stocks","1016","Goats","2001","2001","Head","771346374","A","Aggregate, may include official, semi-official, estimated or calculated data"
"QCL","Crops and livestock products","5000","World","5111","Stocks","1016","Goats","2002","2002","Head","783672481","A","Aggregate, may include official, semi-official, estimated or calculated data"
"QCL","Crops and livestock products","5000","World","5111","Stocks","1016","Goats","2003","2003","Head","799843731","A","Aggregate, may include official, semi-official, estimated or calculated data"
"QCL","Crops and livestock products","5000","World","5111","Stocks","1016","Goats","2004","2004","Head","824988926","A","Aggregate, may include official, semi-official, estimated or calculated data"
"QCL","Crops and livestock products","5000","World","5111","Stocks","1016","Goats","2005","2005","Head","850570903","A","Aggregate, may include official, semi-official, estimated or calculated data"
"QCL","Crops and livestock products","5000","World","5111","Stocks","1016","Goats","2006","2006","Head","851972724","A","Aggregate, may include official, semi-official, estimated or calculated data"
"QCL","Crops and livestock products","5000","World","5111","Stocks","1016","Goats","2007","2007","Head","880582986","A","Aggregate, may include official, semi-official, estimated or calculated data"
"QCL","Crops and livestock products","5000","World","5111","Stocks","1016","Goats","2008","2008","Head","902071359","A","Aggregate, may include official, semi-official, estimated or calculated data"
"QCL","Crops and livestock products","5000","World","5111","Stocks","1016","Goats","2009","2009","Head","914489805","A","Aggregate, may include official, semi-official, estimated or calculated data"
"QCL","Crops and livestock products","5000","World","5111","Stocks","1016","Goats","2010","2010","Head","917898191","A","Aggregate, may include official, semi-official, estimated or calculated data"
"QCL","Crops and livestock products","5000","World","5111","Stocks","1016","Goats","2011","2011","Head","932166441","A","Aggregate, may include official, semi-official, estimated or calculated data"
"QCL","Crops and livestock products","5000","World","5111","Stocks","1016","Goats","2012","2012","Head","951405119","A","Aggregate, may include official, semi-official, estimated or calculated data"
"QCL","Crops and livestock products","5000","World","5111","Stocks","1016","Goats","2013","2013","Head","969908079","A","Aggregate, may include official, semi-official, estimated or calculated data"
"QCL","Crops and livestock products","5000","World","5111","Stocks","1016","Goats","2014","2014","Head","984372329","A","Aggregate, may include official, semi-official, estimated or calculated data"
"QCL","Crops and livestock products","5000","World","5111","Stocks","1016","Goats","2015","2015","Head","1004730745","A","Aggregate, may include official, semi-official, estimated or calculated data"
"QCL","Crops and livestock products","5000","World","5111","Stocks","1016","Goats","2016","2016","Head","1029023580","A","Aggregate, may include official, semi-official, estimated or calculated data"
"QCL","Crops and livestock products","5000","World","5111","Stocks","1016","Goats","2017","2017","Head","1045350517","A","Aggregate, may include official, semi-official, estimated or calculated data"
"QCL","Crops and livestock products","5000","World","5111","Stocks","1016","Goats","2018","2018","Head","1066922560","A","Aggregate, may include official, semi-official, estimated or calculated data"
"QCL","Crops and livestock products","5000","World","5111","Stocks","1016","Goats","2019","2019","Head","1108972959","A","Aggregate, may include official, semi-official, estimated or calculated data"
"QCL","Crops and livestock products","5000","World","5111","Stocks","1016","Goats","2020","2020","Head","1128106236","A","Aggregate, may include official, semi-official, estimated or calculated data"
"QCL","Crops and livestock products","5000","World","5111","Stocks","1096","Horses","2001","2001","Head","57917185","A","Aggregate, may include official, semi-official, estimated or calculated data"
"QCL","Crops and livestock products","5000","World","5111","Stocks","1096","Horses","2002","2002","Head","57010368","A","Aggregate, may include official, semi-official, estimated or calculated data"
"QCL","Crops and livestock products","5000","World","5111","Stocks","1096","Horses","2003","2003","Head","57859997","A","Aggregate, may include official, semi-official, estimated or calculated data"
"QCL","Crops and livestock products","5000","World","5111","Stocks","1096","Horses","2004","2004","Head","58551724","A","Aggregate, may include official, semi-official, estimated or calculated data"
"QCL","Crops and livestock products","5000","World","5111","Stocks","1096","Horses","2005","2005","Head","59419058","A","Aggregate, may include official, semi-official, estimated or calculated data"
"QCL","Crops and livestock products","5000","World","5111","Stocks","1096","Horses","2006","2006","Head","59587130","A","Aggregate, may include official, semi-official, estimated or calculated data"
"QCL","Crops and livestock products","5000","World","5111","Stocks","1096","Horses","2007","2007","Head","59797282","A","Aggregate, may include official, semi-official, estimated or calculated data"
"QCL","Crops and livestock products","5000","World","5111","Stocks","1096","Horses","2008","2008","Head","59693242","A","Aggregate, may include official, semi-official, estimated or calculated data"
"QCL","Crops and livestock products","5000","World","5111","Stocks","1096","Horses","2009","2009","Head","58957285","A","Aggregate, may include official, semi-official, estimated or calculated data"
"QCL","Crops and livestock products","5000","World","5111","Stocks","1096","Horses","2010","2010","Head","58168495","A","Aggregate, may include official, semi-official, estimated or calculated data"
"QCL","Crops and livestock products","5000","World","5111","Stocks","1096","Horses","2011","2011","Head","58062941","A","Aggregate, may include official, semi-official, estimated or calculated data"
"QCL","Crops and livestock products","5000","World","5111","Stocks","1096","Horses","2012","2012","Head","56804038","A","Aggregate, may include official, semi-official, estimated or calculated data"
"QCL","Crops and livestock products","5000","World","5111","Stocks","1096","Horses","2013","2013","Head","56596083","A","Aggregate, may include official, semi-official, estimated or calculated data"
"QCL","Crops and livestock products","5000","World","5111","Stocks","1096","Horses","2014","2014","Head","57136681","A","Aggregate, may include official, semi-official, estimated or calculated data"
"QCL","Crops and livestock products","5000","World","5111","Stocks","1096","Horses","2015","2015","Head","57177096","A","Aggregate, may include official, semi-official, estimated or calculated data"
"QCL","Crops and livestock products","5000","World","5111","Stocks","1096","Horses","2016","2016","Head","57773237","A","Aggregate, may include official, semi-official, estimated or calculated data"
"QCL","Crops and livestock products","5000","World","5111","Stocks","1096","Horses","2017","2017","Head","57634752","A","Aggregate, may include official, semi-official, estimated or calculated data"
"QCL","Crops and livestock products","5000","World","5111","Stocks","1096","Horses","2018","2018","Head","57791203","A","Aggregate, may include official, semi-official, estimated or calculated data"
"QCL","Crops and livestock products","5000","World","5111","Stocks","1096","Horses","2019","2019","Head","59053900","A","Aggregate, may include official, semi-official, estimated or calculated data"
"QCL","Crops and livestock products","5000","World","5111","Stocks","1096","Horses","2020","2020","Head","59998177","A","Aggregate, may include official, semi-official, estimated or calculated data"
"QCL","Crops and livestock products","5000","World","5111","Stocks","1110","Mules","2001","2001","Head","12754723","A","Aggregate, may include official, semi-official, estimated or calculated data"
"QCL","Crops and livestock products","5000","World","5111","Stocks","1110","Mules","2002","2002","Head","12637932","A","Aggregate, may include official, semi-official, estimated or calculated data"
"QCL","Crops and livestock products","5000","World","5111","Stocks","1110","Mules","2003","2003","Head","12389069","A","Aggregate, may include official, semi-official, estimated or calculated data"
"QCL","Crops and livestock products","5000","World","5111","Stocks","1110","Mules","2004","2004","Head","12169706","A","Aggregate, may include official, semi-official, estimated or calculated data"
"QCL","Crops and livestock products","5000","World","5111","Stocks","1110","Mules","2005","2005","Head","11933571","A","Aggregate, may include official, semi-official, estimated or calculated data"
"QCL","Crops and livestock products","5000","World","5111","Stocks","1110","Mules","2006","2006","Head","11784736","A","Aggregate, may include official, semi-official, estimated or calculated data"
"QCL","Crops and livestock products","5000","World","5111","Stocks","1110","Mules","2007","2007","Head","11640553","A","Aggregate, may include official, semi-official, estimated or calculated data"
"QCL","Crops and livestock products","5000","World","5111","Stocks","1110","Mules","2008","2008","Head","11104357","A","Aggregate, may include official, semi-official, estimated or calculated data"
"QCL","Crops and livestock products","5000","World","5111","Stocks","1110","Mules","2009","2009","Head","10281127","A","Aggregate, may include official, semi-official, estimated or calculated data"
"QCL","Crops and livestock products","5000","World","5111","Stocks","1110","Mules","2010","2010","Head","9546970","A","Aggregate, may include official, semi-official, estimated or calculated data"
"QCL","Crops and livestock products","5000","World","5111","Stocks","1110","Mules","2011","2011","Head","9478704","A","Aggregate, may include official, semi-official, estimated or calculated data"
"QCL","Crops and livestock products","5000","World","5111","Stocks","1110","Mules","2012","2012","Head","9331970","A","Aggregate, may include official, semi-official, estimated or calculated data"
"QCL","Crops and livestock products","5000","World","5111","Stocks","1110","Mules","2013","2013","Head","9110531","A","Aggregate, may include official, semi-official, estimated or calculated data"
"QCL","Crops and livestock products","5000","World","5111","Stocks","1110","Mules","2014","2014","Head","9166094","A","Aggregate, may include official, semi-official, estimated or calculated data"
"QCL","Crops and livestock products","5000","World","5111","Stocks","1110","Mules","2015","2015","Head","8866692","A","Aggregate, may include official, semi-official, estimated or calculated data"
"QCL","Crops and livestock products","5000","World","5111","Stocks","1110","Mules","2016","2016","Head","8708002","A","Aggregate, may include official, semi-official, estimated or calculated data"
"QCL","Crops and livestock products","5000","World","5111","Stocks","1110","Mules","2017","2017","Head","8430123","A","Aggregate, may include official, semi-official, estimated or calculated data"
"QCL","Crops and livestock products","5000","World","5111","Stocks","1110","Mules","2018","2018","Head","8054854","A","Aggregate, may include official, semi-official, estimated or calculated data"
"QCL","Crops and livestock products","5000","World","5111","Stocks","1110","Mules","2019","2019","Head","7983692","A","Aggregate, may include official, semi-official, estimated or calculated data"
"QCL","Crops and livestock products","5000","World","5111","Stocks","1110","Mules","2020","2020","Head","7912425","A","Aggregate, may include official, semi-official, estimated or calculated data"
"QCL","Crops and livestock products","5000","World","5111","Stocks","1034","Pigs","2001","2001","Head","881852585","A","Aggregate, may include official, semi-official, estimated or calculated data"
"QCL","Crops and livestock products","5000","World","5111","Stocks","1034","Pigs","2002","2002","Head","892337442","A","Aggregate, may include official, semi-official, estimated or calculated data"
"QCL","Crops and livestock products","5000","World","5111","Stocks","1034","Pigs","2003","2003","Head","898513214","A","Aggregate, may include official, semi-official, estimated or calculated data"
"QCL","Crops and livestock products","5000","World","5111","Stocks","1034","Pigs","2004","2004","Head","892798545","A","Aggregate, may include official, semi-official, estimated or calculated data"
"QCL","Crops and livestock products","5000","World","5111","Stocks","1034","Pigs","2005","2005","Head","904361012","A","Aggregate, may include official, semi-official, estimated or calculated data"
"QCL","Crops and livestock products","5000","World","5111","Stocks","1034","Pigs","2006","2006","Head","924968915","A","Aggregate, may include official, semi-official, estimated or calculated data"
"QCL","Crops and livestock products","5000","World","5111","Stocks","1034","Pigs","2007","2007","Head","919087720","A","Aggregate, may include official, semi-official, estimated or calculated data"
"QCL","Crops and livestock products","5000","World","5111","Stocks","1034","Pigs","2008","2008","Head","938541907","A","Aggregate, may include official, semi-official, estimated or calculated data"
"QCL","Crops and livestock products","5000","World","5111","Stocks","1034","Pigs","2009","2009","Head","967817534","A","Aggregate, may include official, semi-official, estimated or calculated data"
"QCL","Crops and livestock products","5000","World","5111","Stocks","1034","Pigs","2010","2010","Head","971728711","A","Aggregate, may include official, semi-official, estimated or calculated data"
"QCL","Crops and livestock products","5000","World","5111","Stocks","1034","Pigs","2011","2011","Head","973745736","A","Aggregate, may include official, semi-official, estimated or calculated data"
"QCL","Crops and livestock products","5000","World","5111","Stocks","1034","Pigs","2012","2012","Head","983946111","A","Aggregate, may include official, semi-official, estimated or calculated data"
"QCL","Crops and livestock products","5000","World","5111","Stocks","1034","Pigs","2013","2013","Head","979449670","A","Aggregate, may include official, semi-official, estimated or calculated data"
"QCL","Crops and livestock products","5000","World","5111","Stocks","1034","Pigs","2014","2014","Head","989784866","A","Aggregate, may include official, semi-official, estimated or calculated data"
"QCL","Crops and livestock products","5000","World","5111","Stocks","1034","Pigs","2015","2015","Head","992103818","A","Aggregate, may include official, semi-official, estimated or calculated data"
"QCL","Crops and livestock products","5000","World","5111","Stocks","1034","Pigs","2016","2016","Head","985420289","A","Aggregate, may include official, semi-official, estimated or calculated data"
"QCL","Crops and livestock products","5000","World","5111","Stocks","1034","Pigs","2017","2017","Head","977622520","A","Aggregate, may include official, semi-official, estimated or calculated data"
"QCL","Crops and livestock products","5000","World","5111","Stocks","1034","Pigs","2018","2018","Head","970694756","A","Aggregate, may include official, semi-official, estimated or calculated data"
"QCL","Crops and livestock products","5000","World","5111","Stocks","1034","Pigs","2019","2019","Head","852618044","A","Aggregate, may include official, semi-official, estimated or calculated data"
"QCL","Crops and livestock products","5000","World","5111","Stocks","1034","Pigs","2020","2020","Head","952632025","A","Aggregate, may include official, semi-official, estimated or calculated data"
"QCL","Crops and livestock products","5000","World","5112","Stocks","1140","Rabbits and hares","2001","2001","1000 Head","254850","A","Aggregate, may include official, semi-official, estimated or calculated data"
"QCL","Crops and livestock products","5000","World","5112","Stocks","1140","Rabbits and hares","2002","2002","1000 Head","256696","A","Aggregate, may include official, semi-official, estimated or calculated data"
"QCL","Crops and livestock products","5000","World","5112","Stocks","1140","Rabbits and hares","2003","2003","1000 Head","260717","A","Aggregate, may include official, semi-official, estimated or calculated data"
"QCL","Crops and livestock products","5000","World","5112","Stocks","1140","Rabbits and hares","2004","2004","1000 Head","269731","A","Aggregate, may include official, semi-official, estimated or calculated data"
"QCL","Crops and livestock products","5000","World","5112","Stocks","1140","Rabbits and hares","2005","2005","1000 Head","274167","A","Aggregate, may include official, semi-official, estimated or calculated data"
"QCL","Crops and livestock products","5000","World","5112","Stocks","1140","Rabbits and hares","2006","2006","1000 Head","293253","A","Aggregate, may include official, semi-official, estimated or calculated data"
"QCL","Crops and livestock products","5000","World","5112","Stocks","1140","Rabbits and hares","2007","2007","1000 Head","292239","A","Aggregate, may include official, semi-official, estimated or calculated data"
"QCL","Crops and livestock products","5000","World","5112","Stocks","1140","Rabbits and hares","2008","2008","1000 Head","285986","A","Aggregate, may include official, semi-official, estimated or calculated data"
"QCL","Crops and livestock products","5000","World","5112","Stocks","1140","Rabbits and hares","2009","2009","1000 Head","290786","A","Aggregate, may include official, semi-official, estimated or calculated data"
"QCL","Crops and livestock products","5000","World","5112","Stocks","1140","Rabbits and hares","2010","2010","1000 Head","296965","A","Aggregate, may include official, semi-official, estimated or calculated data"
"QCL","Crops and livestock products","5000","World","5112","Stocks","1140","Rabbits and hares","2011","2011","1000 Head","302043","A","Aggregate, may include official, semi-official, estimated or calculated data"
"QCL","Crops and livestock products","5000","World","5112","Stocks","1140","Rabbits and hares","2012","2012","1000 Head","304711","A","Aggregate, may include official, semi-official, estimated or calculated data"
"QCL","Crops and livestock products","5000","World","5112","Stocks","1140","Rabbits and hares","2013","2013","1000 Head","306159","A","Aggregate, may include official, semi-official, estimated or calculated data"
"QCL","Crops and livestock products","5000","World","5112","Stocks","1140","Rabbits and hares","2014","2014","1000 Head","307288","A","Aggregate, may include official, semi-official, estimated or calculated data"
"QCL","Crops and livestock products","5000","World","5112","Stocks","1140","Rabbits and hares","2015","2015","1000 Head","301874","A","Aggregate, may include official, semi-official, estimated or calculated data"
"QCL","Crops and livestock products","5000","World","5112","Stocks","1140","Rabbits and hares","2016","2016","1000 Head","253688","A","Aggregate, may include official, semi-official, estimated or calculated data"
"QCL","Crops and livestock products","5000","World","5112","Stocks","1140","Rabbits and hares","2017","2017","1000 Head","207877","A","Aggregate, may include official, semi-official, estimated or calculated data"
"QCL","Crops and livestock products","5000","World","5112","Stocks","1140","Rabbits and hares","2018","2018","1000 Head","198043","A","Aggregate, may include official, semi-official, estimated or calculated data"
"QCL","Crops and livestock products","5000","World","5112","Stocks","1140","Rabbits and hares","2019","2019","1000 Head","200007","A","Aggregate, may include official, semi-official, estimated or calculated data"
"QCL","Crops and livestock products","5000","World","5112","Stocks","1140","Rabbits and hares","2020","2020","1000 Head","192589","A","Aggregate, may include official, semi-official, estimated or calculated data"
"QCL","Crops and livestock products","5000","World","5112","Stocks","1150","Rodents, other","2001","2001","1000 Head","15620","A","Aggregate, may include official, semi-official, estimated or calculated data"
"QCL","Crops and livestock products","5000","World","5112","Stocks","1150","Rodents, other","2002","2002","1000 Head","15920","A","Aggregate, may include official, semi-official, estimated or calculated data"
"QCL","Crops and livestock products","5000","World","5112","Stocks","1150","Rodents, other","2003","2003","1000 Head","16225","A","Aggregate, may include official, semi-official, estimated or calculated data"
"QCL","Crops and livestock products","5000","World","5112","Stocks","1150","Rodents, other","2004","2004","1000 Head","16425","A","Aggregate, may include official, semi-official, estimated or calculated data"
"QCL","Crops and livestock products","5000","World","5112","Stocks","1150","Rodents, other","2005","2005","1000 Head","16925","A","Aggregate, may include official, semi-official, estimated or calculated data"
"QCL","Crops and livestock products","5000","World","5112","Stocks","1150","Rodents, other","2006","2006","1000 Head","16925","A","Aggregate, may include official, semi-official, estimated or calculated data"
"QCL","Crops and livestock products","5000","World","5112","Stocks","1150","Rodents, other","2007","2007","1000 Head","17425","A","Aggregate, may include official, semi-official, estimated or calculated data"
"QCL","Crops and livestock products","5000","World","5112","Stocks","1150","Rodents, other","2008","2008","1000 Head","17925","A","Aggregate, may include official, semi-official, estimated or calculated data"
"QCL","Crops and livestock products","5000","World","5112","Stocks","1150","Rodents, other","2009","2009","1000 Head","18225","A","Aggregate, may include official, semi-official, estimated or calculated data"
"QCL","Crops and livestock products","5000","World","5112","Stocks","1150","Rodents, other","2010","2010","1000 Head","18425","A","Aggregate, may include official, semi-official, estimated or calculated data"
"QCL","Crops and livestock products","5000","World","5112","Stocks","1150","Rodents, other","2011","2011","1000 Head","18425","A","Aggregate, may include official, semi-official, estimated or calculated data"
"QCL","Crops and livestock products","5000","World","5112","Stocks","1150","Rodents, other","2012","2012","1000 Head","18925","A","Aggregate, may include official, semi-official, estimated or calculated data"
"QCL","Crops and livestock products","5000","World","5112","Stocks","1150","Rodents, other","2013","2013","1000 Head","18925","A","Aggregate, may include official, semi-official, estimated or calculated data"
"QCL","Crops and livestock products","5000","World","5112","Stocks","1150","Rodents, other","2014","2014","1000 Head","18925","A","Aggregate, may include official, semi-official, estimated or calculated data"
"QCL","Crops and livestock products","5000","World","5112","Stocks","1150","Rodents, other","2015","2015","1000 Head","18949","A","Aggregate, may include official, semi-official, estimated or calculated data"
"QCL","Crops and livestock products","5000","World","5112","Stocks","1150","Rodents, other","2016","2016","1000 Head","18953","A","Aggregate, may include official, semi-official, estimated or calculated data"
"QCL","Crops and livestock products","5000","World","5112","Stocks","1150","Rodents, other","2017","2017","1000 Head","18862","A","Aggregate, may include official, semi-official, estimated or calculated data"
"QCL","Crops and livestock products","5000","World","5112","Stocks","1150","Rodents, other","2018","2018","1000 Head","18989","A","Aggregate, may include official, semi-official, estimated or calculated data"
"QCL","Crops and livestock products","5000","World","5112","Stocks","1150","Rodents, other","2019","2019","1000 Head","19025","A","Aggregate, may include official, semi-official, estimated or calculated data"
"QCL","Crops and livestock products","5000","World","5112","Stocks","1150","Rodents, other","2020","2020","1000 Head","19060","A","Aggregate, may include official, semi-official, estimated or calculated data"
"QCL","Crops and livestock products","5000","World","5111","Stocks","976","Sheep","2001","2001","Head","1043611810","A","Aggregate, may include official, semi-official, estimated or calculated data"
"QCL","Crops and livestock products","5000","World","5111","Stocks","976","Sheep","2002","2002","Head","1035433055","A","Aggregate, may include official, semi-official, estimated or calculated data"
"QCL","Crops and livestock products","5000","World","5111","Stocks","976","Sheep","2003","2003","Head","1044360747","A","Aggregate, may include official, semi-official, estimated or calculated data"
"QCL","Crops and livestock products","5000","World","5111","Stocks","976","Sheep","2004","2004","Head","1073010830","A","Aggregate, may include official, semi-official, estimated or calculated data"
"QCL","Crops and livestock products","5000","World","5111","Stocks","976","Sheep","2005","2005","Head","1103519998","A","Aggregate, may include official, semi-official, estimated or calculated data"
"QCL","Crops and livestock products","5000","World","5111","Stocks","976","Sheep","2006","2006","Head","1108510164","A","Aggregate, may include official, semi-official, estimated or calculated data"
"QCL","Crops and livestock products","5000","World","5111","Stocks","976","Sheep","2007","2007","Head","1120078981","A","Aggregate, may include official, semi-official, estimated or calculated data"
"QCL","Crops and livestock products","5000","World","5111","Stocks","976","Sheep","2008","2008","Head","1105997717","A","Aggregate, may include official, semi-official, estimated or calculated data"
"QCL","Crops and livestock products","5000","World","5111","Stocks","976","Sheep","2009","2009","Head","1101150948","A","Aggregate, may include official, semi-official, estimated or calculated data"
"QCL","Crops and livestock products","5000","World","5111","Stocks","976","Sheep","2010","2010","Head","1098219329","A","Aggregate, may include official, semi-official, estimated or calculated data"
"QCL","Crops and livestock products","5000","World","5111","Stocks","976","Sheep","2011","2011","Head","1118003028","A","Aggregate, may include official, semi-official, estimated or calculated data"
"QCL","Crops and livestock products","5000","World","5111","Stocks","976","Sheep","2012","2012","Head","1132940091","A","Aggregate, may include official, semi-official, estimated or calculated data"
"QCL","Crops and livestock products","5000","World","5111","Stocks","976","Sheep","2013","2013","Head","1157187874","A","Aggregate, may include official, semi-official, estimated or calculated data"
"QCL","Crops and livestock products","5000","World","5111","Stocks","976","Sheep","2014","2014","Head","1151093273","A","Aggregate, may include official, semi-official, estimated or calculated data"
"QCL","Crops and livestock products","5000","World","5111","Stocks","976","Sheep","2015","2015","Head","1182177688","A","Aggregate, may include official, semi-official, estimated or calculated data"
"QCL","Crops and livestock products","5000","World","5111","Stocks","976","Sheep","2016","2016","Head","1197723570","A","Aggregate, may include official, semi-official, estimated or calculated data"
"QCL","Crops and livestock products","5000","World","5111","Stocks","976","Sheep","2017","2017","Head","1206686523","A","Aggregate, may include official, semi-official, estimated or calculated data"
"QCL","Crops and livestock products","5000","World","5111","Stocks","976","Sheep","2018","2018","Head","1213972478","A","Aggregate, may include official, semi-official, estimated or calculated data"
"QCL","Crops and livestock products","5000","World","5111","Stocks","976","Sheep","2019","2019","Head","1240310138","A","Aggregate, may include official, semi-official, estimated or calculated data"
"QCL","Crops and livestock products","5000","World","5111","Stocks","976","Sheep","2020","2020","Head","1263136644","A","Aggregate, may include official, semi-official, estimated or calculated data"
"QCL","Crops and livestock products","5000","World","5112","Stocks","1079","Turkeys","2001","2001","1000 Head","459306","A","Aggregate, may include official, semi-official, estimated or calculated data"
"QCL","Crops and livestock products","5000","World","5112","Stocks","1079","Turkeys","2002","2002","1000 Head","470122","A","Aggregate, may include official, semi-official, estimated or calculated data"
"QCL","Crops and livestock products","5000","World","5112","Stocks","1079","Turkeys","2003","2003","1000 Head","454955","A","Aggregate, may include official, semi-official, estimated or calculated data"
"QCL","Crops and livestock products","5000","World","5112","Stocks","1079","Turkeys","2004","2004","1000 Head","443812","A","Aggregate, may include official, semi-official, estimated or calculated data"
"QCL","Crops and livestock products","5000","World","5112","Stocks","1079","Turkeys","2005","2005","1000 Head","436689","A","Aggregate, may include official, semi-official, estimated or calculated data"
"QCL","Crops and livestock products","5000","World","5112","Stocks","1079","Turkeys","2006","2006","1000 Head","444392","A","Aggregate, may include official, semi-official, estimated or calculated data"
"QCL","Crops and livestock products","5000","World","5112","Stocks","1079","Turkeys","2007","2007","1000 Head","461978","A","Aggregate, may include official, semi-official, estimated or calculated data"
"QCL","Crops and livestock products","5000","World","5112","Stocks","1079","Turkeys","2008","2008","1000 Head","473343","A","Aggregate, may include official, semi-official, estimated or calculated data"
"QCL","Crops and livestock products","5000","World","5112","Stocks","1079","Turkeys","2009","2009","1000 Head","446224","A","Aggregate, may include official, semi-official, estimated or calculated data"
"QCL","Crops and livestock products","5000","World","5112","Stocks","1079","Turkeys","2010","2010","1000 Head","447451","A","Aggregate, may include official, semi-official, estimated or calculated data"
"QCL","Crops and livestock products","5000","World","5112","Stocks","1079","Turkeys","2011","2011","1000 Head","452415","A","Aggregate, may include official, semi-official, estimated or calculated data"
"QCL","Crops and livestock products","5000","World","5112","Stocks","1079","Turkeys","2012","2012","1000 Head","462248","A","Aggregate, may include official, semi-official, estimated or calculated data"
"QCL","Crops and livestock products","5000","World","5112","Stocks","1079","Turkeys","2013","2013","1000 Head","449796","A","Aggregate, may include official, semi-official, estimated or calculated data"
"QCL","Crops and livestock products","5000","World","5112","Stocks","1079","Turkeys","2014","2014","1000 Head","448330","A","Aggregate, may include official, semi-official, estimated or calculated data"
"QCL","Crops and livestock products","5000","World","5112","Stocks","1079","Turkeys","2015","2015","1000 Head","446763","A","Aggregate, may include official, semi-official, estimated or calculated data"
"QCL","Crops and livestock products","5000","World","5112","Stocks","1079","Turkeys","2016","2016","1000 Head","462460","A","Aggregate, may include official, semi-official, estimated or calculated data"
"QCL","Crops and livestock products","5000","World","5112","Stocks","1079","Turkeys","2017","2017","1000 Head","461784","A","Aggregate, may include official, semi-official, estimated or calculated data"
"QCL","Crops and livestock products","5000","World","5112","Stocks","1079","Turkeys","2018","2018","1000 Head","453744","A","Aggregate, may include official, semi-official, estimated or calculated data"
"QCL","Crops and livestock products","5000","World","5112","Stocks","1079","Turkeys","2019","2019","1000 Head","451395","A","Aggregate, may include official, semi-official, estimated or calculated data"
"QCL","Crops and livestock products","5000","World","5112","Stocks","1079","Turkeys","2020","2020","1000 Head","450293","A","Aggregate, may include official, semi-official, estimated or calculated data"
