"LOCATION","INDICATOR","SUBJECT","MEASURE","FREQUENCY","TIME","Value","Flag Codes"
"AUS","CROPYIELD","WHEAT","TONNE_HA","A","2001",2.108,
"AUS","CROPYIELD","WHEAT","TONNE_HA","A","2002",0.907,
"AUS","CROPYIELD","WHEAT","TONNE_HA","A","2003",2,
"AUS","CROPYIELD","WHEAT","TONNE_HA","A","2004",1.635,
"AUS","CROPYIELD","WHEAT","TONNE_HA","A","2005",2.021,
"AUS","CROPYIELD","WHEAT","TONNE_HA","A","2006",0.917,
"AUS","CROPYIELD","WHEAT","TONNE_HA","A","2007",1.079,
"AUS","CROPYIELD","WHEAT","TONNE_HA","A","2008",1.583,
"AUS","CROPYIELD","WHEAT","TONNE_HA","A","2009",1.573,
"AUS","CROPYIELD","WHEAT","TONNE_HA","A","2010",2.03,
"AUS","CROPYIELD","WHEAT","TONNE_HA","A","2011",2.151,
"AUS","CROPYIELD","WHEAT","TONNE_HA","A","2012",1.761,
"AUS","CROPYIELD","WHEAT","TONNE_HA","A","2013",2.006,
"AUS","CROPYIELD","WHEAT","TONNE_HA","A","2014",1.917,
"AUS","CROPYIELD","WHEAT","TONNE_HA","A","2015",1.974,
"AUS","CROPYIELD","WHEAT","TONNE_HA","A","2016",2.61,
"AUS","CROPYIELD","WHEAT","TONNE_HA","A","2017",1.918,
"AUS","CROPYIELD","WHEAT","TONNE_HA","A","2018",1.692,
"AUS","CROPYIELD","WHEAT","TONNE_HA","A","2019",1.485,
"AUS","CROPYIELD","WHEAT","TONNE_HA","A","2020",2.4,
"AUS","CROPYIELD","WHEAT","TONNE_HA","A","2021",2.021,
"CAN","CROPYIELD","WHEAT","TONNE_HA","A","2001",1.945,
"CAN","CROPYIELD","WHEAT","TONNE_HA","A","2002",1.832,
"CAN","CROPYIELD","WHEAT","TONNE_HA","A","2003",2.257,
"CAN","CROPYIELD","WHEAT","TONNE_HA","A","2004",2.641,
"CAN","CROPYIELD","WHEAT","TONNE_HA","A","2005",2.738,
"CAN","CROPYIELD","WHEAT","TONNE_HA","A","2006",2.61,
"CAN","CROPYIELD","WHEAT","TONNE_HA","A","2007",2.332,
"CAN","CROPYIELD","WHEAT","TONNE_HA","A","2008",2.858,
"CAN","CROPYIELD","WHEAT","TONNE_HA","A","2009",2.79,
"CAN","CROPYIELD","WHEAT","TONNE_HA","A","2010",2.809,
"CAN","CROPYIELD","WHEAT","TONNE_HA","A","2011",2.957,
"CAN","CROPYIELD","WHEAT","TONNE_HA","A","2012",2.874,
"CAN","CROPYIELD","WHEAT","TONNE_HA","A","2013",3.598,
"CAN","CROPYIELD","WHEAT","TONNE_HA","A","2014",3.082,
"CAN","CROPYIELD","WHEAT","TONNE_HA","A","2015",2.893,
"CAN","CROPYIELD","WHEAT","TONNE_HA","A","2016",3.581,
"CAN","CROPYIELD","WHEAT","TONNE_HA","A","2017",3.382,
"CAN","CROPYIELD","WHEAT","TONNE_HA","A","2018",3.274,
"CAN","CROPYIELD","WHEAT","TONNE_HA","A","2019",3.384,
"CAN","CROPYIELD","WHEAT","TONNE_HA","A","2020",3.512,
"CAN","CROPYIELD","WHEAT","TONNE_HA","A","2021",3.39,
"JPN","CROPYIELD","WHEAT","TONNE_HA","A","2001",3.555,
"JPN","CROPYIELD","WHEAT","TONNE_HA","A","2002",4.007,
"JPN","CROPYIELD","WHEAT","TONNE_HA","A","2003",4.034,
"JPN","CROPYIELD","WHEAT","TONNE_HA","A","2004",4.038,
"JPN","CROPYIELD","WHEAT","TONNE_HA","A","2005",4.089,
"JPN","CROPYIELD","WHEAT","TONNE_HA","A","2006",3.839,
"JPN","CROPYIELD","WHEAT","TONNE_HA","A","2007",4.333,
"JPN","CROPYIELD","WHEAT","TONNE_HA","A","2008",4.215,
"JPN","CROPYIELD","WHEAT","TONNE_HA","A","2009",3.237,
"JPN","CROPYIELD","WHEAT","TONNE_HA","A","2010",2.76,
"JPN","CROPYIELD","WHEAT","TONNE_HA","A","2011",3.529,
"JPN","CROPYIELD","WHEAT","TONNE_HA","A","2012",4.101,
"JPN","CROPYIELD","WHEAT","TONNE_HA","A","2013",3.863,
"JPN","CROPYIELD","WHEAT","TONNE_HA","A","2014",4.008,
"JPN","CROPYIELD","WHEAT","TONNE_HA","A","2015",4.711,
"JPN","CROPYIELD","WHEAT","TONNE_HA","A","2016",3.689,
"JPN","CROPYIELD","WHEAT","TONNE_HA","A","2017",4.272,
"JPN","CROPYIELD","WHEAT","TONNE_HA","A","2018",3.609,
"JPN","CROPYIELD","WHEAT","TONNE_HA","A","2019",4.901,
"JPN","CROPYIELD","WHEAT","TONNE_HA","A","2020",4.878,
"JPN","CROPYIELD","WHEAT","TONNE_HA","A","2021",4.076,
"KOR","CROPYIELD","WHEAT","TONNE_HA","A","2001",3.105,
"KOR","CROPYIELD","WHEAT","TONNE_HA","A","2002",3.227,
"KOR","CROPYIELD","WHEAT","TONNE_HA","A","2003",3.051,
"KOR","CROPYIELD","WHEAT","TONNE_HA","A","2004",3.329,
"KOR","CROPYIELD","WHEAT","TONNE_HA","A","2005",3.206,
"KOR","CROPYIELD","WHEAT","TONNE_HA","A","2006",3.343,
"KOR","CROPYIELD","WHEAT","TONNE_HA","A","2007",3.813,
"KOR","CROPYIELD","WHEAT","TONNE_HA","A","2008",4.064,
"KOR","CROPYIELD","WHEAT","TONNE_HA","A","2009",3.707,
"KOR","CROPYIELD","WHEAT","TONNE_HA","A","2010",3.117,
"KOR","CROPYIELD","WHEAT","TONNE_HA","A","2011",3.348,
"KOR","CROPYIELD","WHEAT","TONNE_HA","A","2012",3.91,
"KOR","CROPYIELD","WHEAT","TONNE_HA","A","2013",2.585,
"KOR","CROPYIELD","WHEAT","TONNE_HA","A","2014",3.26,
"KOR","CROPYIELD","WHEAT","TONNE_HA","A","2015",2.623,
"KOR","CROPYIELD","WHEAT","TONNE_HA","A","2016",3.707,
"KOR","CROPYIELD","WHEAT","TONNE_HA","A","2017",4.032,
"KOR","CROPYIELD","WHEAT","TONNE_HA","A","2018",3.185,
"KOR","CROPYIELD","WHEAT","TONNE_HA","A","2019",3.195,
"KOR","CROPYIELD","WHEAT","TONNE_HA","A","2020",3.203,
"KOR","CROPYIELD","WHEAT","TONNE_HA","A","2021",3.211,
"MEX","CROPYIELD","WHEAT","TONNE_HA","A","2001",4.766,
"MEX","CROPYIELD","WHEAT","TONNE_HA","A","2002",5.1,
"MEX","CROPYIELD","WHEAT","TONNE_HA","A","2003",4.491,
"MEX","CROPYIELD","WHEAT","TONNE_HA","A","2004",4.478,
"MEX","CROPYIELD","WHEAT","TONNE_HA","A","2005",4.752,
"MEX","CROPYIELD","WHEAT","TONNE_HA","A","2006",5.227,
"MEX","CROPYIELD","WHEAT","TONNE_HA","A","2007",5.082,
"MEX","CROPYIELD","WHEAT","TONNE_HA","A","2008",5.084,
"MEX","CROPYIELD","WHEAT","TONNE_HA","A","2009",4.969,
"MEX","CROPYIELD","WHEAT","TONNE_HA","A","2010",5.419,
"MEX","CROPYIELD","WHEAT","TONNE_HA","A","2011",5.478,
"MEX","CROPYIELD","WHEAT","TONNE_HA","A","2012",5.657,
"MEX","CROPYIELD","WHEAT","TONNE_HA","A","2013",5.293,
"MEX","CROPYIELD","WHEAT","TONNE_HA","A","2014",5.194,
"MEX","CROPYIELD","WHEAT","TONNE_HA","A","2015",4.526,
"MEX","CROPYIELD","WHEAT","TONNE_HA","A","2016",5.339,
"MEX","CROPYIELD","WHEAT","TONNE_HA","A","2017",5.297,
"MEX","CROPYIELD","WHEAT","TONNE_HA","A","2018",5.437,
"MEX","CROPYIELD","WHEAT","TONNE_HA","A","2019",5.546,
"MEX","CROPYIELD","WHEAT","TONNE_HA","A","2020",5.325,
"MEX","CROPYIELD","WHEAT","TONNE_HA","A","2021",5.351,
"NZL","CROPYIELD","WHEAT","TONNE_HA","A","2001",7.145,
"NZL","CROPYIELD","WHEAT","TONNE_HA","A","2002",7.485,
"NZL","CROPYIELD","WHEAT","TONNE_HA","A","2003",6.55,
"NZL","CROPYIELD","WHEAT","TONNE_HA","A","2004",8.092,
"NZL","CROPYIELD","WHEAT","TONNE_HA","A","2005",6.896,
"NZL","CROPYIELD","WHEAT","TONNE_HA","A","2006",8.497,
"NZL","CROPYIELD","WHEAT","TONNE_HA","A","2007",8.112,
"NZL","CROPYIELD","WHEAT","TONNE_HA","A","2008",7.492,
"NZL","CROPYIELD","WHEAT","TONNE_HA","A","2009",8.124,
"NZL","CROPYIELD","WHEAT","TONNE_HA","A","2010",7.286,
"NZL","CROPYIELD","WHEAT","TONNE_HA","A","2011",8.925,
"NZL","CROPYIELD","WHEAT","TONNE_HA","A","2012",9.105,
"NZL","CROPYIELD","WHEAT","TONNE_HA","A","2013",9.536,
"NZL","CROPYIELD","WHEAT","TONNE_HA","A","2014",8.615,
"NZL","CROPYIELD","WHEAT","TONNE_HA","A","2015",8.315,
"NZL","CROPYIELD","WHEAT","TONNE_HA","A","2016",9.186,
"NZL","CROPYIELD","WHEAT","TONNE_HA","A","2017",9.883,
"NZL","CROPYIELD","WHEAT","TONNE_HA","A","2018",8.961,
"NZL","CROPYIELD","WHEAT","TONNE_HA","A","2019",8.847,
"NZL","CROPYIELD","WHEAT","TONNE_HA","A","2020",10.929,
"NZL","CROPYIELD","WHEAT","TONNE_HA","A","2021",10.962,
"TUR","CROPYIELD","WHEAT","TONNE_HA","A","2001",2.033,
"TUR","CROPYIELD","WHEAT","TONNE_HA","A","2002",2.097,
"TUR","CROPYIELD","WHEAT","TONNE_HA","A","2003",2.088,
"TUR","CROPYIELD","WHEAT","TONNE_HA","A","2004",2.258,
"TUR","CROPYIELD","WHEAT","TONNE_HA","A","2005",2.324,
"TUR","CROPYIELD","WHEAT","TONNE_HA","A","2006",2.357,
"TUR","CROPYIELD","WHEAT","TONNE_HA","A","2007",2.128,
"TUR","CROPYIELD","WHEAT","TONNE_HA","A","2008",2.198,
"TUR","CROPYIELD","WHEAT","TONNE_HA","A","2009",2.543,
"TUR","CROPYIELD","WHEAT","TONNE_HA","A","2010",2.428,
"TUR","CROPYIELD","WHEAT","TONNE_HA","A","2011",2.693,
"TUR","CROPYIELD","WHEAT","TONNE_HA","A","2012",2.669,
"TUR","CROPYIELD","WHEAT","TONNE_HA","A","2013",2.837,
"TUR","CROPYIELD","WHEAT","TONNE_HA","A","2014",2.399,
"TUR","CROPYIELD","WHEAT","TONNE_HA","A","2015",2.873,
"TUR","CROPYIELD","WHEAT","TONNE_HA","A","2016",2.685,
"TUR","CROPYIELD","WHEAT","TONNE_HA","A","2017",2.774,
"TUR","CROPYIELD","WHEAT","TONNE_HA","A","2018",2.576,
"TUR","CROPYIELD","WHEAT","TONNE_HA","A","2019",2.458,
"TUR","CROPYIELD","WHEAT","TONNE_HA","A","2020",2.646,
"TUR","CROPYIELD","WHEAT","TONNE_HA","A","2021",2.663,
"USA","CROPYIELD","WHEAT","TONNE_HA","A","2001",2.7,
"USA","CROPYIELD","WHEAT","TONNE_HA","A","2002",2.377,
"USA","CROPYIELD","WHEAT","TONNE_HA","A","2003",2.97,
"USA","CROPYIELD","WHEAT","TONNE_HA","A","2004",2.903,
"USA","CROPYIELD","WHEAT","TONNE_HA","A","2005",2.826,
"USA","CROPYIELD","WHEAT","TONNE_HA","A","2006",2.604,
"USA","CROPYIELD","WHEAT","TONNE_HA","A","2007",2.726,
"USA","CROPYIELD","WHEAT","TONNE_HA","A","2008",3.017,
"USA","CROPYIELD","WHEAT","TONNE_HA","A","2009",2.989,
"USA","CROPYIELD","WHEAT","TONNE_HA","A","2010",3.118,
"USA","CROPYIELD","WHEAT","TONNE_HA","A","2011",2.942,
"USA","CROPYIELD","WHEAT","TONNE_HA","A","2012",3.104,
"USA","CROPYIELD","WHEAT","TONNE_HA","A","2013",3.17,
"USA","CROPYIELD","WHEAT","TONNE_HA","A","2014",2.937,
"USA","CROPYIELD","WHEAT","TONNE_HA","A","2015",2.932,
"USA","CROPYIELD","WHEAT","TONNE_HA","A","2016",3.545,
"USA","CROPYIELD","WHEAT","TONNE_HA","A","2017",3.112,
"USA","CROPYIELD","WHEAT","TONNE_HA","A","2018",3.201,
"USA","CROPYIELD","WHEAT","TONNE_HA","A","2019",3.474,
"USA","CROPYIELD","WHEAT","TONNE_HA","A","2020",3.346,
"USA","CROPYIELD","WHEAT","TONNE_HA","A","2021",3.306,
"ARG","CROPYIELD","WHEAT","TONNE_HA","A","2001",2.235,
"ARG","CROPYIELD","WHEAT","TONNE_HA","A","2002",2.033,
"ARG","CROPYIELD","WHEAT","TONNE_HA","A","2003",2.539,
"ARG","CROPYIELD","WHEAT","TONNE_HA","A","2004",2.631,
"ARG","CROPYIELD","WHEAT","TONNE_HA","A","2005",2.531,
"ARG","CROPYIELD","WHEAT","TONNE_HA","A","2006",2.626,
"ARG","CROPYIELD","WHEAT","TONNE_HA","A","2007",2.827,
"ARG","CROPYIELD","WHEAT","TONNE_HA","A","2008",1.963,
"ARG","CROPYIELD","WHEAT","TONNE_HA","A","2009",2.535,
"ARG","CROPYIELD","WHEAT","TONNE_HA","A","2010",3.508,
"ARG","CROPYIELD","WHEAT","TONNE_HA","A","2011",3.171,
"ARG","CROPYIELD","WHEAT","TONNE_HA","A","2012",2.574,
"ARG","CROPYIELD","WHEAT","TONNE_HA","A","2013",2.521,
"ARG","CROPYIELD","WHEAT","TONNE_HA","A","2014",2.648,
"ARG","CROPYIELD","WHEAT","TONNE_HA","A","2015",2.58,
"ARG","CROPYIELD","WHEAT","TONNE_HA","A","2016",2.893,
"ARG","CROPYIELD","WHEAT","TONNE_HA","A","2017",3.12,
"ARG","CROPYIELD","WHEAT","TONNE_HA","A","2018",3.094,
"ARG","CROPYIELD","WHEAT","TONNE_HA","A","2019",2.862,
"ARG","CROPYIELD","WHEAT","TONNE_HA","A","2020",2.567,
"ARG","CROPYIELD","WHEAT","TONNE_HA","A","2021",2.941,
"BRA","CROPYIELD","WHEAT","TONNE_HA","A","2001",1.42,
"BRA","CROPYIELD","WHEAT","TONNE_HA","A","2002",2.227,
"BRA","CROPYIELD","WHEAT","TONNE_HA","A","2003",2.121,
"BRA","CROPYIELD","WHEAT","TONNE_HA","A","2004",2.063,
"BRA","CROPYIELD","WHEAT","TONNE_HA","A","2005",1.271,
"BRA","CROPYIELD","WHEAT","TONNE_HA","A","2006",2.213,
"BRA","CROPYIELD","WHEAT","TONNE_HA","A","2007",2.456,
"BRA","CROPYIELD","WHEAT","TONNE_HA","A","2008",2.07,
"BRA","CROPYIELD","WHEAT","TONNE_HA","A","2009",2.736,
"BRA","CROPYIELD","WHEAT","TONNE_HA","A","2010",2.672,
"BRA","CROPYIELD","WHEAT","TONNE_HA","A","2011",2.311,
"BRA","CROPYIELD","WHEAT","TONNE_HA","A","2012",2.502,
"BRA","CROPYIELD","WHEAT","TONNE_HA","A","2013",2.165,
"BRA","CROPYIELD","WHEAT","TONNE_HA","A","2014",2.26,
"BRA","CROPYIELD","WHEAT","TONNE_HA","A","2015",2.613,
"BRA","CROPYIELD","WHEAT","TONNE_HA","A","2016",3.511,
"BRA","CROPYIELD","WHEAT","TONNE_HA","A","2017",2.088,
"BRA","CROPYIELD","WHEAT","TONNE_HA","A","2018",2.66,
"BRA","CROPYIELD","WHEAT","TONNE_HA","A","2019",2.204,
"BRA","CROPYIELD","WHEAT","TONNE_HA","A","2020",2.717,
"BRA","CROPYIELD","WHEAT","TONNE_HA","A","2021",2.527,
"CHL","CROPYIELD","WHEAT","TONNE_HA","A","2001",4.272,
"CHL","CROPYIELD","WHEAT","TONNE_HA","A","2002",4.32,
"CHL","CROPYIELD","WHEAT","TONNE_HA","A","2003",4.576,
"CHL","CROPYIELD","WHEAT","TONNE_HA","A","2004",4.576,
"CHL","CROPYIELD","WHEAT","TONNE_HA","A","2005",5.879,
"CHL","CROPYIELD","WHEAT","TONNE_HA","A","2006",6.052,
"CHL","CROPYIELD","WHEAT","TONNE_HA","A","2007",4.568,
"CHL","CROPYIELD","WHEAT","TONNE_HA","A","2008",4.075,
"CHL","CROPYIELD","WHEAT","TONNE_HA","A","2009",5.773,
"CHL","CROPYIELD","WHEAT","TONNE_HA","A","2010",5.816,
"CHL","CROPYIELD","WHEAT","TONNE_HA","A","2011",4.951,
"CHL","CROPYIELD","WHEAT","TONNE_HA","A","2012",5.806,
"CHL","CROPYIELD","WHEAT","TONNE_HA","A","2013",5.326,
"CHL","CROPYIELD","WHEAT","TONNE_HA","A","2014",5.635,
"CHL","CROPYIELD","WHEAT","TONNE_HA","A","2015",6.077,
"CHL","CROPYIELD","WHEAT","TONNE_HA","A","2016",5.996,
"CHL","CROPYIELD","WHEAT","TONNE_HA","A","2017",6.225,
"CHL","CROPYIELD","WHEAT","TONNE_HA","A","2018",6.286,
"CHL","CROPYIELD","WHEAT","TONNE_HA","A","2019",6.004,
"CHL","CROPYIELD","WHEAT","TONNE_HA","A","2020",5.98,
"CHL","CROPYIELD","WHEAT","TONNE_HA","A","2021",6.01,
"CHN","CROPYIELD","WHEAT","TONNE_HA","A","2001",3.806,
"CHN","CROPYIELD","WHEAT","TONNE_HA","A","2002",3.777,
"CHN","CROPYIELD","WHEAT","TONNE_HA","A","2003",3.932,
"CHN","CROPYIELD","WHEAT","TONNE_HA","A","2004",4.252,
"CHN","CROPYIELD","WHEAT","TONNE_HA","A","2005",4.275,
"CHN","CROPYIELD","WHEAT","TONNE_HA","A","2006",4.594,
"CHN","CROPYIELD","WHEAT","TONNE_HA","A","2007",4.617,
"CHN","CROPYIELD","WHEAT","TONNE_HA","A","2008",4.762,
"CHN","CROPYIELD","WHEAT","TONNE_HA","A","2009",4.739,
"CHN","CROPYIELD","WHEAT","TONNE_HA","A","2010",4.748,
"CHN","CROPYIELD","WHEAT","TONNE_HA","A","2011",4.837,
"CHN","CROPYIELD","WHEAT","TONNE_HA","A","2012",4.986,
"CHN","CROPYIELD","WHEAT","TONNE_HA","A","2013",5.056,
"CHN","CROPYIELD","WHEAT","TONNE_HA","A","2014",5.264,
"CHN","CROPYIELD","WHEAT","TONNE_HA","A","2015",5.393,
"CHN","CROPYIELD","WHEAT","TONNE_HA","A","2016",5.397,
"CHN","CROPYIELD","WHEAT","TONNE_HA","A","2017",5.481,
"CHN","CROPYIELD","WHEAT","TONNE_HA","A","2018",5.417,
"CHN","CROPYIELD","WHEAT","TONNE_HA","A","2019",5.631,
"CHN","CROPYIELD","WHEAT","TONNE_HA","A","2020",5.742,
"CHN","CROPYIELD","WHEAT","TONNE_HA","A","2021",5.597,
"COL","CROPYIELD","WHEAT","TONNE_HA","A","2001",2.133,
"COL","CROPYIELD","WHEAT","TONNE_HA","A","2002",1.519,
"COL","CROPYIELD","WHEAT","TONNE_HA","A","2003",1.725,
"COL","CROPYIELD","WHEAT","TONNE_HA","A","2004",1.87,
"COL","CROPYIELD","WHEAT","TONNE_HA","A","2005",2.632,
"COL","CROPYIELD","WHEAT","TONNE_HA","A","2006",2.335,
"COL","CROPYIELD","WHEAT","TONNE_HA","A","2007",2.125,
"COL","CROPYIELD","WHEAT","TONNE_HA","A","2008",2.212,
"COL","CROPYIELD","WHEAT","TONNE_HA","A","2009",2.033,
"COL","CROPYIELD","WHEAT","TONNE_HA","A","2010",2.243,
"COL","CROPYIELD","WHEAT","TONNE_HA","A","2011",2.048,
"COL","CROPYIELD","WHEAT","TONNE_HA","A","2012",1.938,
"COL","CROPYIELD","WHEAT","TONNE_HA","A","2013",2.331,
"COL","CROPYIELD","WHEAT","TONNE_HA","A","2014",2.34,
"COL","CROPYIELD","WHEAT","TONNE_HA","A","2015",1.782,
"COL","CROPYIELD","WHEAT","TONNE_HA","A","2016",3.347,
"COL","CROPYIELD","WHEAT","TONNE_HA","A","2017",2.068,
"COL","CROPYIELD","WHEAT","TONNE_HA","A","2018",2.2,
"COL","CROPYIELD","WHEAT","TONNE_HA","A","2019",1,
"COL","CROPYIELD","WHEAT","TONNE_HA","A","2020",1.667,
"COL","CROPYIELD","WHEAT","TONNE_HA","A","2021",1.6,
"EGY","CROPYIELD","WHEAT","TONNE_HA","A","2001",6.357,
"EGY","CROPYIELD","WHEAT","TONNE_HA","A","2002",6.432,
"EGY","CROPYIELD","WHEAT","TONNE_HA","A","2003",6.501,
"EGY","CROPYIELD","WHEAT","TONNE_HA","A","2004",6.555,
"EGY","CROPYIELD","WHEAT","TONNE_HA","A","2005",6.492,
"EGY","CROPYIELD","WHEAT","TONNE_HA","A","2006",6.429,
"EGY","CROPYIELD","WHEAT","TONNE_HA","A","2007",6.467,
"EGY","CROPYIELD","WHEAT","TONNE_HA","A","2008",6.501,
"EGY","CROPYIELD","WHEAT","TONNE_HA","A","2009",6.384,
"EGY","CROPYIELD","WHEAT","TONNE_HA","A","2010",5.572,
"EGY","CROPYIELD","WHEAT","TONNE_HA","A","2011",6.542,
"EGY","CROPYIELD","WHEAT","TONNE_HA","A","2012",6.583,
"EGY","CROPYIELD","WHEAT","TONNE_HA","A","2013",6.667,
"EGY","CROPYIELD","WHEAT","TONNE_HA","A","2014",6.512,
"EGY","CROPYIELD","WHEAT","TONNE_HA","A","2015",6.59,
"EGY","CROPYIELD","WHEAT","TONNE_HA","A","2016",6.631,
"EGY","CROPYIELD","WHEAT","TONNE_HA","A","2017",6.86,
"EGY","CROPYIELD","WHEAT","TONNE_HA","A","2018",6.296,
"EGY","CROPYIELD","WHEAT","TONNE_HA","A","2019",6.383,
"EGY","CROPYIELD","WHEAT","TONNE_HA","A","2020",6.316,
"EGY","CROPYIELD","WHEAT","TONNE_HA","A","2021",6.466,
"ETH","CROPYIELD","WHEAT","TONNE_HA","A","2001",1.326,
"ETH","CROPYIELD","WHEAT","TONNE_HA","A","2002",1.439,
"ETH","CROPYIELD","WHEAT","TONNE_HA","A","2003",1.388,
"ETH","CROPYIELD","WHEAT","TONNE_HA","A","2004",1.469,
"ETH","CROPYIELD","WHEAT","TONNE_HA","A","2005",1.557,
"ETH","CROPYIELD","WHEAT","TONNE_HA","A","2006",1.52,
"ETH","CROPYIELD","WHEAT","TONNE_HA","A","2007",1.671,
"ETH","CROPYIELD","WHEAT","TONNE_HA","A","2008",1.624,
"ETH","CROPYIELD","WHEAT","TONNE_HA","A","2009",1.827,
"ETH","CROPYIELD","WHEAT","TONNE_HA","A","2010",1.839,
"ETH","CROPYIELD","WHEAT","TONNE_HA","A","2011",2.029,
"ETH","CROPYIELD","WHEAT","TONNE_HA","A","2012",2.11,
"ETH","CROPYIELD","WHEAT","TONNE_HA","A","2013",2.444,
"ETH","CROPYIELD","WHEAT","TONNE_HA","A","2014",2.612,
"ETH","CROPYIELD","WHEAT","TONNE_HA","A","2015",2.87,
"ETH","CROPYIELD","WHEAT","TONNE_HA","A","2016",2.801,
"ETH","CROPYIELD","WHEAT","TONNE_HA","A","2017",2.866,
"ETH","CROPYIELD","WHEAT","TONNE_HA","A","2018",2.986,
"ETH","CROPYIELD","WHEAT","TONNE_HA","A","2019",3.281,
"ETH","CROPYIELD","WHEAT","TONNE_HA","A","2020",3.117,
"ETH","CROPYIELD","WHEAT","TONNE_HA","A","2021",3.208,
"IND","CROPYIELD","WHEAT","TONNE_HA","A","2001",2.708,
"IND","CROPYIELD","WHEAT","TONNE_HA","A","2002",2.762,
"IND","CROPYIELD","WHEAT","TONNE_HA","A","2003",2.61,
"IND","CROPYIELD","WHEAT","TONNE_HA","A","2004",2.713,
"IND","CROPYIELD","WHEAT","TONNE_HA","A","2005",2.602,
"IND","CROPYIELD","WHEAT","TONNE_HA","A","2006",2.619,
"IND","CROPYIELD","WHEAT","TONNE_HA","A","2007",2.708,
"IND","CROPYIELD","WHEAT","TONNE_HA","A","2008",2.802,
"IND","CROPYIELD","WHEAT","TONNE_HA","A","2009",2.907,
"IND","CROPYIELD","WHEAT","TONNE_HA","A","2010",2.84,
"IND","CROPYIELD","WHEAT","TONNE_HA","A","2011",2.989,
"IND","CROPYIELD","WHEAT","TONNE_HA","A","2012",3.178,
"IND","CROPYIELD","WHEAT","TONNE_HA","A","2013",3.154,
"IND","CROPYIELD","WHEAT","TONNE_HA","A","2014",3.146,
"IND","CROPYIELD","WHEAT","TONNE_HA","A","2015",2.75,
"IND","CROPYIELD","WHEAT","TONNE_HA","A","2016",3.053,
"IND","CROPYIELD","WHEAT","TONNE_HA","A","2017",3.2,
"IND","CROPYIELD","WHEAT","TONNE_HA","A","2018",3.377,
"IND","CROPYIELD","WHEAT","TONNE_HA","A","2019",3.461,
"IND","CROPYIELD","WHEAT","TONNE_HA","A","2020",3.362,
"IND","CROPYIELD","WHEAT","TONNE_HA","A","2021",3.396,
"IDN","CROPYIELD","WHEAT","TONNE_HA","A","2001",1,
"IDN","CROPYIELD","WHEAT","TONNE_HA","A","2002",1,
"IDN","CROPYIELD","WHEAT","TONNE_HA","A","2003",1,
"IDN","CROPYIELD","WHEAT","TONNE_HA","A","2004",1,
"IDN","CROPYIELD","WHEAT","TONNE_HA","A","2005",1,
"IDN","CROPYIELD","WHEAT","TONNE_HA","A","2006",1,
"IDN","CROPYIELD","WHEAT","TONNE_HA","A","2007",1,
"IDN","CROPYIELD","WHEAT","TONNE_HA","A","2008",1,
"IDN","CROPYIELD","WHEAT","TONNE_HA","A","2009",1,
"IDN","CROPYIELD","WHEAT","TONNE_HA","A","2010",1,
"IDN","CROPYIELD","WHEAT","TONNE_HA","A","2011",1,
"IDN","CROPYIELD","WHEAT","TONNE_HA","A","2012",1,
"IDN","CROPYIELD","WHEAT","TONNE_HA","A","2013",1,
"IDN","CROPYIELD","WHEAT","TONNE_HA","A","2014",1,
"IDN","CROPYIELD","WHEAT","TONNE_HA","A","2015",1,
"IDN","CROPYIELD","WHEAT","TONNE_HA","A","2016",1,
"IDN","CROPYIELD","WHEAT","TONNE_HA","A","2017",1,
"IDN","CROPYIELD","WHEAT","TONNE_HA","A","2018",1,
"IDN","CROPYIELD","WHEAT","TONNE_HA","A","2019",1,
"IDN","CROPYIELD","WHEAT","TONNE_HA","A","2020",1,
"IDN","CROPYIELD","WHEAT","TONNE_HA","A","2021",1.03,
"IRN","CROPYIELD","WHEAT","TONNE_HA","A","2001",1.703,
"IRN","CROPYIELD","WHEAT","TONNE_HA","A","2002",1.995,
"IRN","CROPYIELD","WHEAT","TONNE_HA","A","2003",2.068,
"IRN","CROPYIELD","WHEAT","TONNE_HA","A","2004",2.155,
"IRN","CROPYIELD","WHEAT","TONNE_HA","A","2005",2.308,
"IRN","CROPYIELD","WHEAT","TONNE_HA","A","2006",2.365,
"IRN","CROPYIELD","WHEAT","TONNE_HA","A","2007",2.482,
"IRN","CROPYIELD","WHEAT","TONNE_HA","A","2008",1.334,
"IRN","CROPYIELD","WHEAT","TONNE_HA","A","2009",1.819,
"IRN","CROPYIELD","WHEAT","TONNE_HA","A","2010",1.834,
"IRN","CROPYIELD","WHEAT","TONNE_HA","A","2011",1.361,
"IRN","CROPYIELD","WHEAT","TONNE_HA","A","2012",1.348,
"IRN","CROPYIELD","WHEAT","TONNE_HA","A","2013",1.454,
"IRN","CROPYIELD","WHEAT","TONNE_HA","A","2014",1.745,
"IRN","CROPYIELD","WHEAT","TONNE_HA","A","2015",2.016,
"IRN","CROPYIELD","WHEAT","TONNE_HA","A","2016",2.461,
"IRN","CROPYIELD","WHEAT","TONNE_HA","A","2017",2.09,
"IRN","CROPYIELD","WHEAT","TONNE_HA","A","2018",2.164,
"IRN","CROPYIELD","WHEAT","TONNE_HA","A","2019",2.37,
"IRN","CROPYIELD","WHEAT","TONNE_HA","A","2020",2.288,
"IRN","CROPYIELD","WHEAT","TONNE_HA","A","2021",2.299,
"KAZ","CROPYIELD","WHEAT","TONNE_HA","A","2001",1.167,
"KAZ","CROPYIELD","WHEAT","TONNE_HA","A","2002",1.094,
"KAZ","CROPYIELD","WHEAT","TONNE_HA","A","2003",1.016,
"KAZ","CROPYIELD","WHEAT","TONNE_HA","A","2004",0.831,
"KAZ","CROPYIELD","WHEAT","TONNE_HA","A","2005",0.885,
"KAZ","CROPYIELD","WHEAT","TONNE_HA","A","2006",1.083,
"KAZ","CROPYIELD","WHEAT","TONNE_HA","A","2007",1.277,
"KAZ","CROPYIELD","WHEAT","TONNE_HA","A","2008",0.93,
"KAZ","CROPYIELD","WHEAT","TONNE_HA","A","2009",1.156,
"KAZ","CROPYIELD","WHEAT","TONNE_HA","A","2010",0.676,
"KAZ","CROPYIELD","WHEAT","TONNE_HA","A","2011",1.641,
"KAZ","CROPYIELD","WHEAT","TONNE_HA","A","2012",0.729,
"KAZ","CROPYIELD","WHEAT","TONNE_HA","A","2013",1.064,
"KAZ","CROPYIELD","WHEAT","TONNE_HA","A","2014",1.09,
"KAZ","CROPYIELD","WHEAT","TONNE_HA","A","2015",1.188,
"KAZ","CROPYIELD","WHEAT","TONNE_HA","A","2016",1.211,
"KAZ","CROPYIELD","WHEAT","TONNE_HA","A","2017",1.243,
"KAZ","CROPYIELD","WHEAT","TONNE_HA","A","2018",1.228,
"KAZ","CROPYIELD","WHEAT","TONNE_HA","A","2019",1.006,
"KAZ","CROPYIELD","WHEAT","TONNE_HA","A","2020",1.182,
"KAZ","CROPYIELD","WHEAT","TONNE_HA","A","2021",1.174,
"MYS","CROPYIELD","WHEAT","TONNE_HA","A","2001",1,
"MYS","CROPYIELD","WHEAT","TONNE_HA","A","2002",1,
"MYS","CROPYIELD","WHEAT","TONNE_HA","A","2003",1,
"MYS","CROPYIELD","WHEAT","TONNE_HA","A","2004",1,
"MYS","CROPYIELD","WHEAT","TONNE_HA","A","2005",1,
"MYS","CROPYIELD","WHEAT","TONNE_HA","A","2006",1,
"MYS","CROPYIELD","WHEAT","TONNE_HA","A","2007",1,
"MYS","CROPYIELD","WHEAT","TONNE_HA","A","2008",1,
"MYS","CROPYIELD","WHEAT","TONNE_HA","A","2009",1,
"MYS","CROPYIELD","WHEAT","TONNE_HA","A","2010",1,
"MYS","CROPYIELD","WHEAT","TONNE_HA","A","2011",1,
"MYS","CROPYIELD","WHEAT","TONNE_HA","A","2012",1,
"MYS","CROPYIELD","WHEAT","TONNE_HA","A","2013",1,
"MYS","CROPYIELD","WHEAT","TONNE_HA","A","2014",1,
"MYS","CROPYIELD","WHEAT","TONNE_HA","A","2015",1,
"MYS","CROPYIELD","WHEAT","TONNE_HA","A","2016",1,
"MYS","CROPYIELD","WHEAT","TONNE_HA","A","2017",1,
"MYS","CROPYIELD","WHEAT","TONNE_HA","A","2018",1,
"MYS","CROPYIELD","WHEAT","TONNE_HA","A","2019",1,
"MYS","CROPYIELD","WHEAT","TONNE_HA","A","2020",1,
"MYS","CROPYIELD","WHEAT","TONNE_HA","A","2021",1.029,
"NGA","CROPYIELD","WHEAT","TONNE_HA","A","2001",1.457,
"NGA","CROPYIELD","WHEAT","TONNE_HA","A","2002",1.543,
"NGA","CROPYIELD","WHEAT","TONNE_HA","A","2003",1.657,
"NGA","CROPYIELD","WHEAT","TONNE_HA","A","2004",1.771,
"NGA","CROPYIELD","WHEAT","TONNE_HA","A","2005",1.886,
"NGA","CROPYIELD","WHEAT","TONNE_HA","A","2006",2.029,
"NGA","CROPYIELD","WHEAT","TONNE_HA","A","2007",1.692,
"NGA","CROPYIELD","WHEAT","TONNE_HA","A","2008",1.656,
"NGA","CROPYIELD","WHEAT","TONNE_HA","A","2009",1.667,
"NGA","CROPYIELD","WHEAT","TONNE_HA","A","2010",1.516,
"NGA","CROPYIELD","WHEAT","TONNE_HA","A","2011",1.301,
"NGA","CROPYIELD","WHEAT","TONNE_HA","A","2012",1.109,
"NGA","CROPYIELD","WHEAT","TONNE_HA","A","2013",1,
"NGA","CROPYIELD","WHEAT","TONNE_HA","A","2014",1,
"NGA","CROPYIELD","WHEAT","TONNE_HA","A","2015",1,
"NGA","CROPYIELD","WHEAT","TONNE_HA","A","2016",1,
"NGA","CROPYIELD","WHEAT","TONNE_HA","A","2017",2.114,
"NGA","CROPYIELD","WHEAT","TONNE_HA","A","2018",2.114,
"NGA","CROPYIELD","WHEAT","TONNE_HA","A","2019",1.465,
"NGA","CROPYIELD","WHEAT","TONNE_HA","A","2020",1.526,
"NGA","CROPYIELD","WHEAT","TONNE_HA","A","2021",1.727,
"PAK","CROPYIELD","WHEAT","TONNE_HA","A","2001",2.325,
"PAK","CROPYIELD","WHEAT","TONNE_HA","A","2002",2.262,
"PAK","CROPYIELD","WHEAT","TONNE_HA","A","2003",2.388,
"PAK","CROPYIELD","WHEAT","TONNE_HA","A","2004",2.373,
"PAK","CROPYIELD","WHEAT","TONNE_HA","A","2005",2.586,
"PAK","CROPYIELD","WHEAT","TONNE_HA","A","2006",2.519,
"PAK","CROPYIELD","WHEAT","TONNE_HA","A","2007",2.716,
"PAK","CROPYIELD","WHEAT","TONNE_HA","A","2008",2.451,
"PAK","CROPYIELD","WHEAT","TONNE_HA","A","2009",2.657,
"PAK","CROPYIELD","WHEAT","TONNE_HA","A","2010",2.553,
"PAK","CROPYIELD","WHEAT","TONNE_HA","A","2011",2.833,
"PAK","CROPYIELD","WHEAT","TONNE_HA","A","2012",2.714,
"PAK","CROPYIELD","WHEAT","TONNE_HA","A","2013",2.796,
"PAK","CROPYIELD","WHEAT","TONNE_HA","A","2014",2.824,
"PAK","CROPYIELD","WHEAT","TONNE_HA","A","2015",2.726,
"PAK","CROPYIELD","WHEAT","TONNE_HA","A","2016",2.779,
"PAK","CROPYIELD","WHEAT","TONNE_HA","A","2017",2.973,
"PAK","CROPYIELD","WHEAT","TONNE_HA","A","2018",2.851,
"PAK","CROPYIELD","WHEAT","TONNE_HA","A","2019",2.787,
"PAK","CROPYIELD","WHEAT","TONNE_HA","A","2020",2.869,
"PAK","CROPYIELD","WHEAT","TONNE_HA","A","2021",2.939,
"PRY","CROPYIELD","WHEAT","TONNE_HA","A","2001",1.835,
"PRY","CROPYIELD","WHEAT","TONNE_HA","A","2002",1.727,
"PRY","CROPYIELD","WHEAT","TONNE_HA","A","2003",2.466,
"PRY","CROPYIELD","WHEAT","TONNE_HA","A","2004",2.462,
"PRY","CROPYIELD","WHEAT","TONNE_HA","A","2005",1.699,
"PRY","CROPYIELD","WHEAT","TONNE_HA","A","2006",2.5,
"PRY","CROPYIELD","WHEAT","TONNE_HA","A","2007",2.1,
"PRY","CROPYIELD","WHEAT","TONNE_HA","A","2008",2.1,
"PRY","CROPYIELD","WHEAT","TONNE_HA","A","2009",2.499,
"PRY","CROPYIELD","WHEAT","TONNE_HA","A","2010",2.507,
"PRY","CROPYIELD","WHEAT","TONNE_HA","A","2011",2.6,
"PRY","CROPYIELD","WHEAT","TONNE_HA","A","2012",2.6,
"PRY","CROPYIELD","WHEAT","TONNE_HA","A","2013",1.5,
"PRY","CROPYIELD","WHEAT","TONNE_HA","A","2014",1.898,
"PRY","CROPYIELD","WHEAT","TONNE_HA","A","2015",2.2,
"PRY","CROPYIELD","WHEAT","TONNE_HA","A","2016",2,
"PRY","CROPYIELD","WHEAT","TONNE_HA","A","2017",1.68,
"PRY","CROPYIELD","WHEAT","TONNE_HA","A","2018",2.8,
"PRY","CROPYIELD","WHEAT","TONNE_HA","A","2019",2.71,
"PRY","CROPYIELD","WHEAT","TONNE_HA","A","2020",2.66,
"PRY","CROPYIELD","WHEAT","TONNE_HA","A","2021",2.666,
"PER","CROPYIELD","WHEAT","TONNE_HA","A","2001",1.247,
"PER","CROPYIELD","WHEAT","TONNE_HA","A","2002",3.202,
"PER","CROPYIELD","WHEAT","TONNE_HA","A","2003",4,
"PER","CROPYIELD","WHEAT","TONNE_HA","A","2004",1.383,
"PER","CROPYIELD","WHEAT","TONNE_HA","A","2005",1.348,
"PER","CROPYIELD","WHEAT","TONNE_HA","A","2006",1.336,
"PER","CROPYIELD","WHEAT","TONNE_HA","A","2007",1.259,
"PER","CROPYIELD","WHEAT","TONNE_HA","A","2008",1.349,
"PER","CROPYIELD","WHEAT","TONNE_HA","A","2009",1.43,
"PER","CROPYIELD","WHEAT","TONNE_HA","A","2010",1.418,
"PER","CROPYIELD","WHEAT","TONNE_HA","A","2011",1.472,
"PER","CROPYIELD","WHEAT","TONNE_HA","A","2012",1.488,
"PER","CROPYIELD","WHEAT","TONNE_HA","A","2013",1.496,
"PER","CROPYIELD","WHEAT","TONNE_HA","A","2014",1.553,
"PER","CROPYIELD","WHEAT","TONNE_HA","A","2015",1.568,
"PER","CROPYIELD","WHEAT","TONNE_HA","A","2016",1.345,
"PER","CROPYIELD","WHEAT","TONNE_HA","A","2017",1.506,
"PER","CROPYIELD","WHEAT","TONNE_HA","A","2018",1.542,
"PER","CROPYIELD","WHEAT","TONNE_HA","A","2019",1.593,
"PER","CROPYIELD","WHEAT","TONNE_HA","A","2020",1.436,
"PER","CROPYIELD","WHEAT","TONNE_HA","A","2021",1.568,
"PHL","CROPYIELD","WHEAT","TONNE_HA","A","2001",1,
"PHL","CROPYIELD","WHEAT","TONNE_HA","A","2002",1,
"PHL","CROPYIELD","WHEAT","TONNE_HA","A","2003",1,
"PHL","CROPYIELD","WHEAT","TONNE_HA","A","2004",1,
"PHL","CROPYIELD","WHEAT","TONNE_HA","A","2005",1,
"PHL","CROPYIELD","WHEAT","TONNE_HA","A","2006",1,
"PHL","CROPYIELD","WHEAT","TONNE_HA","A","2007",1,
"PHL","CROPYIELD","WHEAT","TONNE_HA","A","2008",1,
"PHL","CROPYIELD","WHEAT","TONNE_HA","A","2009",1,
"PHL","CROPYIELD","WHEAT","TONNE_HA","A","2010",1,
"PHL","CROPYIELD","WHEAT","TONNE_HA","A","2011",1,
"PHL","CROPYIELD","WHEAT","TONNE_HA","A","2012",1,
"PHL","CROPYIELD","WHEAT","TONNE_HA","A","2013",1,
"PHL","CROPYIELD","WHEAT","TONNE_HA","A","2014",1,
"PHL","CROPYIELD","WHEAT","TONNE_HA","A","2015",1,
"PHL","CROPYIELD","WHEAT","TONNE_HA","A","2016",1,
"PHL","CROPYIELD","WHEAT","TONNE_HA","A","2017",1,
"PHL","CROPYIELD","WHEAT","TONNE_HA","A","2018",1,
"PHL","CROPYIELD","WHEAT","TONNE_HA","A","2019",1,
"PHL","CROPYIELD","WHEAT","TONNE_HA","A","2020",1,
"PHL","CROPYIELD","WHEAT","TONNE_HA","A","2021",1.026,
"RUS","CROPYIELD","WHEAT","TONNE_HA","A","2001",1.978,
"RUS","CROPYIELD","WHEAT","TONNE_HA","A","2002",1.973,
"RUS","CROPYIELD","WHEAT","TONNE_HA","A","2003",1.538,
"RUS","CROPYIELD","WHEAT","TONNE_HA","A","2004",1.893,
"RUS","CROPYIELD","WHEAT","TONNE_HA","A","2005",1.879,
"RUS","CROPYIELD","WHEAT","TONNE_HA","A","2006",1.904,
"RUS","CROPYIELD","WHEAT","TONNE_HA","A","2007",2.025,
"RUS","CROPYIELD","WHEAT","TONNE_HA","A","2008",2.394,
"RUS","CROPYIELD","WHEAT","TONNE_HA","A","2009",2.148,
"RUS","CROPYIELD","WHEAT","TONNE_HA","A","2010",1.561,
"RUS","CROPYIELD","WHEAT","TONNE_HA","A","2011",2.202,
"RUS","CROPYIELD","WHEAT","TONNE_HA","A","2012",1.529,
"RUS","CROPYIELD","WHEAT","TONNE_HA","A","2013",2.079,
"RUS","CROPYIELD","WHEAT","TONNE_HA","A","2014",2.364,
"RUS","CROPYIELD","WHEAT","TONNE_HA","A","2015",2.304,
"RUS","CROPYIELD","WHEAT","TONNE_HA","A","2016",2.647,
"RUS","CROPYIELD","WHEAT","TONNE_HA","A","2017",3.08,
"RUS","CROPYIELD","WHEAT","TONNE_HA","A","2018",2.646,
"RUS","CROPYIELD","WHEAT","TONNE_HA","A","2019",2.65,
"RUS","CROPYIELD","WHEAT","TONNE_HA","A","2020",2.821,
"RUS","CROPYIELD","WHEAT","TONNE_HA","A","2021",2.786,
"SAU","CROPYIELD","WHEAT","TONNE_HA","A","2001",4.91,
"SAU","CROPYIELD","WHEAT","TONNE_HA","A","2002",4.882,
"SAU","CROPYIELD","WHEAT","TONNE_HA","A","2003",4.882,
"SAU","CROPYIELD","WHEAT","TONNE_HA","A","2004",5.308,
"SAU","CROPYIELD","WHEAT","TONNE_HA","A","2005",5.415,
"SAU","CROPYIELD","WHEAT","TONNE_HA","A","2006",5.62,
"SAU","CROPYIELD","WHEAT","TONNE_HA","A","2007",5.684,
"SAU","CROPYIELD","WHEAT","TONNE_HA","A","2008",6.092,
"SAU","CROPYIELD","WHEAT","TONNE_HA","A","2009",5.878,
"SAU","CROPYIELD","WHEAT","TONNE_HA","A","2010",6.146,
"SAU","CROPYIELD","WHEAT","TONNE_HA","A","2011",6.141,
"SAU","CROPYIELD","WHEAT","TONNE_HA","A","2012",5.925,
"SAU","CROPYIELD","WHEAT","TONNE_HA","A","2013",6.434,
"SAU","CROPYIELD","WHEAT","TONNE_HA","A","2014",5.88,
"SAU","CROPYIELD","WHEAT","TONNE_HA","A","2015",5,
"SAU","CROPYIELD","WHEAT","TONNE_HA","A","2016",5,
"SAU","CROPYIELD","WHEAT","TONNE_HA","A","2017",5,
"SAU","CROPYIELD","WHEAT","TONNE_HA","A","2018",6.534,
"SAU","CROPYIELD","WHEAT","TONNE_HA","A","2019",1.818,
"SAU","CROPYIELD","WHEAT","TONNE_HA","A","2020",5.051,
"SAU","CROPYIELD","WHEAT","TONNE_HA","A","2021",4.042,
"ZAF","CROPYIELD","WHEAT","TONNE_HA","A","2001",2.611,
"ZAF","CROPYIELD","WHEAT","TONNE_HA","A","2002",2.591,
"ZAF","CROPYIELD","WHEAT","TONNE_HA","A","2003",2.068,
"ZAF","CROPYIELD","WHEAT","TONNE_HA","A","2004",2.024,
"ZAF","CROPYIELD","WHEAT","TONNE_HA","A","2005",2.367,
"ZAF","CROPYIELD","WHEAT","TONNE_HA","A","2006",2.752,
"ZAF","CROPYIELD","WHEAT","TONNE_HA","A","2007",3.014,
"ZAF","CROPYIELD","WHEAT","TONNE_HA","A","2008",2.904,
"ZAF","CROPYIELD","WHEAT","TONNE_HA","A","2009",3.059,
"ZAF","CROPYIELD","WHEAT","TONNE_HA","A","2010",2.574,
"ZAF","CROPYIELD","WHEAT","TONNE_HA","A","2011",3.329,
"ZAF","CROPYIELD","WHEAT","TONNE_HA","A","2012",3.677,
"ZAF","CROPYIELD","WHEAT","TONNE_HA","A","2013",3.717,
"ZAF","CROPYIELD","WHEAT","TONNE_HA","A","2014",3.691,
"ZAF","CROPYIELD","WHEAT","TONNE_HA","A","2015",3.005,
"ZAF","CROPYIELD","WHEAT","TONNE_HA","A","2016",3.757,
"ZAF","CROPYIELD","WHEAT","TONNE_HA","A","2017",3.04,
"ZAF","CROPYIELD","WHEAT","TONNE_HA","A","2018",3.711,
"ZAF","CROPYIELD","WHEAT","TONNE_HA","A","2019",2.843,
"ZAF","CROPYIELD","WHEAT","TONNE_HA","A","2020",4.213,
"ZAF","CROPYIELD","WHEAT","TONNE_HA","A","2021",3.679,
"THA","CROPYIELD","WHEAT","TONNE_HA","A","2001",0.8,
"THA","CROPYIELD","WHEAT","TONNE_HA","A","2002",0.8,
"THA","CROPYIELD","WHEAT","TONNE_HA","A","2003",0.8,
"THA","CROPYIELD","WHEAT","TONNE_HA","A","2004",0.8,
"THA","CROPYIELD","WHEAT","TONNE_HA","A","2005",0.8,
"THA","CROPYIELD","WHEAT","TONNE_HA","A","2006",1,
"THA","CROPYIELD","WHEAT","TONNE_HA","A","2007",1,
"THA","CROPYIELD","WHEAT","TONNE_HA","A","2008",1,
"THA","CROPYIELD","WHEAT","TONNE_HA","A","2009",1,
"THA","CROPYIELD","WHEAT","TONNE_HA","A","2010",1,
"THA","CROPYIELD","WHEAT","TONNE_HA","A","2011",1,
"THA","CROPYIELD","WHEAT","TONNE_HA","A","2012",1,
"THA","CROPYIELD","WHEAT","TONNE_HA","A","2013",2,
"THA","CROPYIELD","WHEAT","TONNE_HA","A","2014",1,
"THA","CROPYIELD","WHEAT","TONNE_HA","A","2015",1,
"THA","CROPYIELD","WHEAT","TONNE_HA","A","2016",1,
"THA","CROPYIELD","WHEAT","TONNE_HA","A","2017",1.3,
"THA","CROPYIELD","WHEAT","TONNE_HA","A","2018",1.3,
"THA","CROPYIELD","WHEAT","TONNE_HA","A","2019",1,
"THA","CROPYIELD","WHEAT","TONNE_HA","A","2020",1,
"THA","CROPYIELD","WHEAT","TONNE_HA","A","2021",1.122,
"UKR","CROPYIELD","WHEAT","TONNE_HA","A","2001",3.1,
"UKR","CROPYIELD","WHEAT","TONNE_HA","A","2002",2.927,
"UKR","CROPYIELD","WHEAT","TONNE_HA","A","2003",1.367,
"UKR","CROPYIELD","WHEAT","TONNE_HA","A","2004",3.11,
"UKR","CROPYIELD","WHEAT","TONNE_HA","A","2005",2.846,
"UKR","CROPYIELD","WHEAT","TONNE_HA","A","2006",2.531,
"UKR","CROPYIELD","WHEAT","TONNE_HA","A","2007",2.342,
"UKR","CROPYIELD","WHEAT","TONNE_HA","A","2008",3.67,
"UKR","CROPYIELD","WHEAT","TONNE_HA","A","2009",3.093,
"UKR","CROPYIELD","WHEAT","TONNE_HA","A","2010",2.682,
"UKR","CROPYIELD","WHEAT","TONNE_HA","A","2011",3.353,
"UKR","CROPYIELD","WHEAT","TONNE_HA","A","2012",2.8,
"UKR","CROPYIELD","WHEAT","TONNE_HA","A","2013",3.393,
"UKR","CROPYIELD","WHEAT","TONNE_HA","A","2014",3.889,
"UKR","CROPYIELD","WHEAT","TONNE_HA","A","2015",3.879,
"UKR","CROPYIELD","WHEAT","TONNE_HA","A","2016",4.205,
"UKR","CROPYIELD","WHEAT","TONNE_HA","A","2017",4.116,
"UKR","CROPYIELD","WHEAT","TONNE_HA","A","2018",3.726,
"UKR","CROPYIELD","WHEAT","TONNE_HA","A","2019",4.158,
"UKR","CROPYIELD","WHEAT","TONNE_HA","A","2020",3.82,
"UKR","CROPYIELD","WHEAT","TONNE_HA","A","2021",4.309,
"VNM","CROPYIELD","WHEAT","TONNE_HA","A","2001",1,
"VNM","CROPYIELD","WHEAT","TONNE_HA","A","2002",1,
"VNM","CROPYIELD","WHEAT","TONNE_HA","A","2003",1,
"VNM","CROPYIELD","WHEAT","TONNE_HA","A","2004",1,
"VNM","CROPYIELD","WHEAT","TONNE_HA","A","2005",1,
"VNM","CROPYIELD","WHEAT","TONNE_HA","A","2006",1,
"VNM","CROPYIELD","WHEAT","TONNE_HA","A","2007",1,
"VNM","CROPYIELD","WHEAT","TONNE_HA","A","2008",1,
"VNM","CROPYIELD","WHEAT","TONNE_HA","A","2009",1,
"VNM","CROPYIELD","WHEAT","TONNE_HA","A","2010",1,
"VNM","CROPYIELD","WHEAT","TONNE_HA","A","2011",1,
"VNM","CROPYIELD","WHEAT","TONNE_HA","A","2012",1,
"VNM","CROPYIELD","WHEAT","TONNE_HA","A","2013",1,
"VNM","CROPYIELD","WHEAT","TONNE_HA","A","2014",1,
"VNM","CROPYIELD","WHEAT","TONNE_HA","A","2015",1,
"VNM","CROPYIELD","WHEAT","TONNE_HA","A","2016",1,
"VNM","CROPYIELD","WHEAT","TONNE_HA","A","2017",1,
"VNM","CROPYIELD","WHEAT","TONNE_HA","A","2018",1,
"VNM","CROPYIELD","WHEAT","TONNE_HA","A","2019",1,
"VNM","CROPYIELD","WHEAT","TONNE_HA","A","2020",1,
"VNM","CROPYIELD","WHEAT","TONNE_HA","A","2021",1.028,
"WLD","CROPYIELD","WHEAT","TONNE_HA","A","2001",2.717,
"WLD","CROPYIELD","WHEAT","TONNE_HA","A","2002",2.665,
"WLD","CROPYIELD","WHEAT","TONNE_HA","A","2003",2.656,
"WLD","CROPYIELD","WHEAT","TONNE_HA","A","2004",2.894,
"WLD","CROPYIELD","WHEAT","TONNE_HA","A","2005",2.833,
"WLD","CROPYIELD","WHEAT","TONNE_HA","A","2006",2.831,
"WLD","CROPYIELD","WHEAT","TONNE_HA","A","2007",2.813,
"WLD","CROPYIELD","WHEAT","TONNE_HA","A","2008",3.034,
"WLD","CROPYIELD","WHEAT","TONNE_HA","A","2009",3.019,
"WLD","CROPYIELD","WHEAT","TONNE_HA","A","2010",2.933,
"WLD","CROPYIELD","WHEAT","TONNE_HA","A","2011",3.145,
"WLD","CROPYIELD","WHEAT","TONNE_HA","A","2012",3.001,
"WLD","CROPYIELD","WHEAT","TONNE_HA","A","2013",3.231,
"WLD","CROPYIELD","WHEAT","TONNE_HA","A","2014",3.291,
"WLD","CROPYIELD","WHEAT","TONNE_HA","A","2015",3.316,
"WLD","CROPYIELD","WHEAT","TONNE_HA","A","2016",3.44,
"WLD","CROPYIELD","WHEAT","TONNE_HA","A","2017",3.492,
"WLD","CROPYIELD","WHEAT","TONNE_HA","A","2018",3.394,
"WLD","CROPYIELD","WHEAT","TONNE_HA","A","2019",3.503,
"WLD","CROPYIELD","WHEAT","TONNE_HA","A","2020",3.455,
"WLD","CROPYIELD","WHEAT","TONNE_HA","A","2021",3.478,
"OECD","CROPYIELD","WHEAT","TONNE_HA","A","2001",3.156,
"OECD","CROPYIELD","WHEAT","TONNE_HA","A","2002",3.014,
"OECD","CROPYIELD","WHEAT","TONNE_HA","A","2003",3.121,
"OECD","CROPYIELD","WHEAT","TONNE_HA","A","2004",3.504,
"OECD","CROPYIELD","WHEAT","TONNE_HA","A","2005",3.42,
"OECD","CROPYIELD","WHEAT","TONNE_HA","A","2006",3.172,
"OECD","CROPYIELD","WHEAT","TONNE_HA","A","2007",3.065,
"OECD","CROPYIELD","WHEAT","TONNE_HA","A","2008",3.563,
"OECD","CROPYIELD","WHEAT","TONNE_HA","A","2009",3.48,
"OECD","CROPYIELD","WHEAT","TONNE_HA","A","2010",3.574,
"OECD","CROPYIELD","WHEAT","TONNE_HA","A","2011",3.616,
"OECD","CROPYIELD","WHEAT","TONNE_HA","A","2012",3.535,
"OECD","CROPYIELD","WHEAT","TONNE_HA","A","2013",3.841,
"OECD","CROPYIELD","WHEAT","TONNE_HA","A","2014",3.79,
"OECD","CROPYIELD","WHEAT","TONNE_HA","A","2015",3.89,
"OECD","CROPYIELD","WHEAT","TONNE_HA","A","2016",3.979,
"OECD","CROPYIELD","WHEAT","TONNE_HA","A","2017",3.968,
"OECD","CROPYIELD","WHEAT","TONNE_HA","A","2018",3.741,
"OECD","CROPYIELD","WHEAT","TONNE_HA","A","2019",4.014,
"OECD","CROPYIELD","WHEAT","TONNE_HA","A","2020",3.875,
"OECD","CROPYIELD","WHEAT","TONNE_HA","A","2021",3.882,
"BRICS","CROPYIELD","WHEAT","TONNE_HA","A","2001",2.799,
"BRICS","CROPYIELD","WHEAT","TONNE_HA","A","2002",2.792,
"BRICS","CROPYIELD","WHEAT","TONNE_HA","A","2003",2.659,
"BRICS","CROPYIELD","WHEAT","TONNE_HA","A","2004",2.865,
"BRICS","CROPYIELD","WHEAT","TONNE_HA","A","2005",2.826,
"BRICS","CROPYIELD","WHEAT","TONNE_HA","A","2006",3.001,
"BRICS","CROPYIELD","WHEAT","TONNE_HA","A","2007",3.065,
"BRICS","CROPYIELD","WHEAT","TONNE_HA","A","2008",3.218,
"BRICS","CROPYIELD","WHEAT","TONNE_HA","A","2009",3.179,
"BRICS","CROPYIELD","WHEAT","TONNE_HA","A","2010",2.987,
"BRICS","CROPYIELD","WHEAT","TONNE_HA","A","2011",3.284,
"BRICS","CROPYIELD","WHEAT","TONNE_HA","A","2012",3.208,
"BRICS","CROPYIELD","WHEAT","TONNE_HA","A","2013",3.362,
"BRICS","CROPYIELD","WHEAT","TONNE_HA","A","2014",3.509,
"BRICS","CROPYIELD","WHEAT","TONNE_HA","A","2015",3.368,
"BRICS","CROPYIELD","WHEAT","TONNE_HA","A","2016",3.616,
"BRICS","CROPYIELD","WHEAT","TONNE_HA","A","2017",3.785,
"BRICS","CROPYIELD","WHEAT","TONNE_HA","A","2018",3.715,
"BRICS","CROPYIELD","WHEAT","TONNE_HA","A","2019",3.762,
"BRICS","CROPYIELD","WHEAT","TONNE_HA","A","2020",3.803,
"BRICS","CROPYIELD","WHEAT","TONNE_HA","A","2021",3.755,
"NOR","CROPYIELD","WHEAT","TONNE_HA","A","2001",4.022,
"NOR","CROPYIELD","WHEAT","TONNE_HA","A","2002",4.192,
"NOR","CROPYIELD","WHEAT","TONNE_HA","A","2003",4.622,
"NOR","CROPYIELD","WHEAT","TONNE_HA","A","2004",4.725,
"NOR","CROPYIELD","WHEAT","TONNE_HA","A","2005",4.863,
"NOR","CROPYIELD","WHEAT","TONNE_HA","A","2006",4.126,
"NOR","CROPYIELD","WHEAT","TONNE_HA","A","2007",4.355,
"NOR","CROPYIELD","WHEAT","TONNE_HA","A","2008",4.826,
"NOR","CROPYIELD","WHEAT","TONNE_HA","A","2009",3.371,
"NOR","CROPYIELD","WHEAT","TONNE_HA","A","2010",4.566,
"NOR","CROPYIELD","WHEAT","TONNE_HA","A","2011",3.816,
"NOR","CROPYIELD","WHEAT","TONNE_HA","A","2012",4.073,
"NOR","CROPYIELD","WHEAT","TONNE_HA","A","2013",3.842,
"NOR","CROPYIELD","WHEAT","TONNE_HA","A","2014",4.873,
"NOR","CROPYIELD","WHEAT","TONNE_HA","A","2015",5.743,
"NOR","CROPYIELD","WHEAT","TONNE_HA","A","2016",5.649,
"NOR","CROPYIELD","WHEAT","TONNE_HA","A","2017",5.557,
"NOR","CROPYIELD","WHEAT","TONNE_HA","A","2018",5.465,
"NOR","CROPYIELD","WHEAT","TONNE_HA","A","2019",5.373,
"NOR","CROPYIELD","WHEAT","TONNE_HA","A","2020",5.023,
"NOR","CROPYIELD","WHEAT","TONNE_HA","A","2021",5.287,
"CHE","CROPYIELD","WHEAT","TONNE_HA","A","2001",5.533,
"CHE","CROPYIELD","WHEAT","TONNE_HA","A","2002",5.691,
"CHE","CROPYIELD","WHEAT","TONNE_HA","A","2003",5.074,
"CHE","CROPYIELD","WHEAT","TONNE_HA","A","2004",6.162,
"CHE","CROPYIELD","WHEAT","TONNE_HA","A","2005",5.788,
"CHE","CROPYIELD","WHEAT","TONNE_HA","A","2006",5.855,
"CHE","CROPYIELD","WHEAT","TONNE_HA","A","2007",6.039,
"CHE","CROPYIELD","WHEAT","TONNE_HA","A","2008",6.072,
"CHE","CROPYIELD","WHEAT","TONNE_HA","A","2009",6.107,
"CHE","CROPYIELD","WHEAT","TONNE_HA","A","2010",5.839,
"CHE","CROPYIELD","WHEAT","TONNE_HA","A","2011",6.558,
"CHE","CROPYIELD","WHEAT","TONNE_HA","A","2012",5.991,
"CHE","CROPYIELD","WHEAT","TONNE_HA","A","2013",5.558,
"CHE","CROPYIELD","WHEAT","TONNE_HA","A","2014",6.572,
"CHE","CROPYIELD","WHEAT","TONNE_HA","A","2015",6.356,
"CHE","CROPYIELD","WHEAT","TONNE_HA","A","2016",4.571,
"CHE","CROPYIELD","WHEAT","TONNE_HA","A","2017",6.405,
"CHE","CROPYIELD","WHEAT","TONNE_HA","A","2018",5.962,
"CHE","CROPYIELD","WHEAT","TONNE_HA","A","2019",5.677,
"CHE","CROPYIELD","WHEAT","TONNE_HA","A","2020",5.448,
"CHE","CROPYIELD","WHEAT","TONNE_HA","A","2021",6.037,
"ISR","CROPYIELD","WHEAT","TONNE_HA","A","2001",2,
"ISR","CROPYIELD","WHEAT","TONNE_HA","A","2002",2.387,
"ISR","CROPYIELD","WHEAT","TONNE_HA","A","2003",2.671,
"ISR","CROPYIELD","WHEAT","TONNE_HA","A","2004",1.829,
"ISR","CROPYIELD","WHEAT","TONNE_HA","A","2005",2.68,
"ISR","CROPYIELD","WHEAT","TONNE_HA","A","2006",1.545,
"ISR","CROPYIELD","WHEAT","TONNE_HA","A","2007",1.849,
"ISR","CROPYIELD","WHEAT","TONNE_HA","A","2008",1.15,
"ISR","CROPYIELD","WHEAT","TONNE_HA","A","2009",2.065,
"ISR","CROPYIELD","WHEAT","TONNE_HA","A","2010",1.747,
"ISR","CROPYIELD","WHEAT","TONNE_HA","A","2011",2.343,
"ISR","CROPYIELD","WHEAT","TONNE_HA","A","2012",3.26,
"ISR","CROPYIELD","WHEAT","TONNE_HA","A","2013",2.781,
"ISR","CROPYIELD","WHEAT","TONNE_HA","A","2014",2.273,
"ISR","CROPYIELD","WHEAT","TONNE_HA","A","2015",3.406,
"ISR","CROPYIELD","WHEAT","TONNE_HA","A","2016",3.844,
"ISR","CROPYIELD","WHEAT","TONNE_HA","A","2017",1.25,
"ISR","CROPYIELD","WHEAT","TONNE_HA","A","2018",1.75,
"ISR","CROPYIELD","WHEAT","TONNE_HA","A","2019",1.829,
"ISR","CROPYIELD","WHEAT","TONNE_HA","A","2020",2.125,
"ISR","CROPYIELD","WHEAT","TONNE_HA","A","2021",1.948,
"GBR","CROPYIELD","WHEAT","TONNE_HA","A","2001",7.083,
"GBR","CROPYIELD","WHEAT","TONNE_HA","A","2002",8.003,
"GBR","CROPYIELD","WHEAT","TONNE_HA","A","2003",7.778,
"GBR","CROPYIELD","WHEAT","TONNE_HA","A","2004",7.775,
"GBR","CROPYIELD","WHEAT","TONNE_HA","A","2005",7.961,
"GBR","CROPYIELD","WHEAT","TONNE_HA","A","2006",8.037,
"GBR","CROPYIELD","WHEAT","TONNE_HA","A","2007",7.225,
"GBR","CROPYIELD","WHEAT","TONNE_HA","A","2008",8.28,
"GBR","CROPYIELD","WHEAT","TONNE_HA","A","2009",7.93,
"GBR","CROPYIELD","WHEAT","TONNE_HA","A","2010",7.673,
"GBR","CROPYIELD","WHEAT","TONNE_HA","A","2011",7.747,
"GBR","CROPYIELD","WHEAT","TONNE_HA","A","2012",6.657,
"GBR","CROPYIELD","WHEAT","TONNE_HA","A","2013",7.381,
"GBR","CROPYIELD","WHEAT","TONNE_HA","A","2014",8.579,
"GBR","CROPYIELD","WHEAT","TONNE_HA","A","2015",8.97,
"GBR","CROPYIELD","WHEAT","TONNE_HA","A","2016",7.89,
"GBR","CROPYIELD","WHEAT","TONNE_HA","A","2017",8.28,
"GBR","CROPYIELD","WHEAT","TONNE_HA","A","2018",7.76,
"GBR","CROPYIELD","WHEAT","TONNE_HA","A","2019",8.96,
"GBR","CROPYIELD","WHEAT","TONNE_HA","A","2020",7.161,
"GBR","CROPYIELD","WHEAT","TONNE_HA","A","2021",8.229,
